name,domain,company_size,location,year_founded,website
MEDINIS Eduphygital Basaveshwara Engineering College.,Education Industry,,"Bagalkote, Karnataka, India",2015,https://eduphygital.com
Agraja Builders & Developers,Construction & Engineering,,"Dakshina Kannada, Karnataka, India",2008,https://agrajabuilders.com/
Gully System Pvt Ltd,IT Industry,,"Bangalore Rural, Karnataka, India",2021,https://www.gullysystem.com
JustBreathe - Beinnature Consultancy Pvt Ltd,Manufacturing,,"Bengaluru Urban, Karnataka, India",2019,https://www.justbreathe.in/
Creo IT Private Limited,IT Industry,,"Shimoga, Karnataka, India",2010,https://www.creoit.com/
Gopalan Aerospace India Pvt.Ltd,Manufacturing,,"Bangalore Rural, Karnataka, India",2015,https://www.gopalanaerospace.com/about-us.html
Ciqur24 LLC (CYBWK PVT LTD),IT Industry,,"Bengaluru Urban, Karnataka, India",2022,https://ciqur24.com/
ATHARV ASSOCIATES,Construction & Engineering,,"Bengaluru Urban, Karnataka, India",2019,
Snipe Tech Pvt Ltd,IT Industry,,"Bengaluru Urban, Karnataka, India",2009,https://www.snipe.co.in/
BluePixel IT Services,IT Industry,,"vijayapura, Karnataka, India",2025,
Pragyan SmartAI Technology LLP,IT Industry,,"Bangalore Rural, Karnataka, India",2021,https://www.pragyanai.com
BrightGeeks Technologies PVT.LTD.,IT Industry,,"Bangalore Rural, Karnataka, India",2021,https://brightgeeks.in/
Young Mind Creations Technologies Pvt Ltd,IT Industry,,"Bengaluru Urban, Karnataka, India",2001,https://www.ymctechno.com
Everyneed Logistics Private Limited,Travel & Tourism,,"Bangalore Rural, Karnataka, India",2025,https://everyneedlogistics.com
Purpledata Technologies Private Limited,IT Industry,,"Bengaluru Urban, Karnataka, India",2025,https://www.cloudinvent.co/
SkillXAcademy,IT Industry,,"Bangalore Rural, Karnataka, India",2025,https://www.skillxacademy.org/
Cloud Institution,Education Industry,,"Bengaluru Urban, Karnataka, India",2024,https://cloudinstitution.com/
Cyber Lancers Pvt Ltd,IT Industry,,"Mysuru, Karnataka, India",2022,https://cyberlancers.in
Off-Look Innovations,IT Industry,,"Bengaluru Urban, Karnataka, India",2023,https://www.off-look-innovations.com/
Vrisharya Technologies Pvt Ltd,Education Industry,,"Udupi, Karnataka, India",2023,https://vrisharyatechnologies.com/
SWIZOSOFT (OPC) PRIVATE LIMITED,Education Industry,,"Mangalore, Karnataka, India",2024,https://www.swizosoft.com
Mitra Softwares,IT Industry,,"Shimoga, Karnataka, India",2014,https://mitrasoftwares.in
BIISM,Not Specified,,"Bangalore Rural, Karnataka, India",2025,https://www.biism.ind.in/
Ashtaksha Labs Private Limited,IT Industry,,"Bangalore Rural, Karnataka, India",2023,https://ashtakshalabs.com/
GOVERNMENT TOOL ROOM AND TRAINING CENTRE- GTTC KALABURAGI,Manufacturing,,"Kalaburagi, Karnataka, India",1972,https://gttc.karnataka.gov.in/en
Genalnstein LLP,Education Industry,,"Bengaluru Urban, Karnataka, India",2025,https://genainstein.com/
SleepMed Solutions Pvt Ltd,Health Care. Fitness & Recreation,,"Bengaluru Urban, Karnataka, India",2023,https://sleepmedsolutions.in/
Planotech Events & Marketing OPC Pvt Ltd,Media & Entertainment,,"Bangalore Rural, Karnataka, India",2019,https://planotechevents.com/
"Dash hydraulics Pvt Ltd.,",Not Specified,,"Bangalore Rural, Karnataka, India",1994,www.dashhydraulics.com
Visil Tech,Manufacturing,,"Chennai, Tamil Nadu, India",2020,https://www.visiltech.in
GLOREYE,E-commerce,,"Bengaluru Urban, Karnataka, India",2024,https://gloreye.in/
GLOBAL MEDITECH,Manufacturing,,"Bengaluru Urban, Karnataka, India",2017,
SHADES ASSOCIATES,Construction & Engineering,,"Kochi, Kerala, India",2000,https://shadesassociates.com
Focus Electronic Services,Manufacturing,,"Bengaluru Urban, Karnataka, India",2009,http://focuselectronicservices.com/english/index.html
Nesara Consulting Engineers Pvt Ltd,Construction & Engineering,,"Bengaluru Urban, Karnataka, India",2019,https://ncenesara.com
Madhupushpa Technologies Pvt Ltd,IT Industry,,"Bengaluru Urban, Karnataka, India",2024,https://madhupushpatechnologies.com
Sihi IT Solutions,IT Industry,,"Bengaluru Urban, Karnataka, India",2020,https://sihiitsolutions.com/
CHITRAGUPTA URBAN TECHNOLOGIES PRIVATE LIMITED,IT Industry,,"Indore, Madhya Pradesh, India",2024,https://chitragupta.co
Bdgtronix,IT Industry,,"Bangalore Rural, Karnataka, India",2016,https://bdgtronix.com/
Appzoy Technologies Pvt. Ltd.,Not Specified,,"Bangalore Rural, India",2013,https://www.appzoy.com
Bytonix IT Solutions LLP,IT Industry,,"Bengaluru Urban, Karnataka, India",2025,https://bytonix.in
S G B Design Solutions,IT Industry,,"Bengaluru Urban, Karnataka, India",2021,
OM SAI VENTURES,Government sector,,"Bengaluru Urban, Karnataka, India",2003,
SmartBridge,Not Specified,,"Bangalore Rural, Karnataka, India",2020,https://www.thesmartbridge.com/
Singularity Automobiles Private limited,Construction & Engineering,,"Dakshina Kannada, Karnataka, India",2022,https://singularityautomobiles.com/
METAQODE TECHNOLOGIES PRIVATE LIMITED,IT Industry,,"Chitradurga, Karnataka, India",2025,https://metaqode.co.in/
USMANIYA INTERNATIONAL,Travel & Tourism,,"Chitradurga, Karnataka, India",2009,
Ramaiah Academy Foundation,Education Industry,,"Bengaluru Urban, Karnataka, India",2025,https://www.ramaiahacademy.com
Intellectaflow LLP,Education Industry,,"Mangalore, Karnataka, India",2025,https://gyanthinkflow.com
Trinity Electrical Industries,Manufacturing,,"Bengaluru Urban, Karnataka, India",1997,https://www.trinityelectricals.com
Sunshine Technologies,Manufacturing,,"Bengaluru Urban, Karnataka, India",2009,
Tech Magify LLP,IT Industry,,"Mumbai, Maharashtra, India",2019,https://www.techmagify.com
SMPS ELECTRIC CONTROL Pvt. Ltd.,Manufacturing,,"Bangalore Rural, Karnataka, India",2021,http://www.scientificwork.in
Zryth Solutions Pvt. Ltd.,IT Industry,,"Agra, Uttar Pradesh, India",2025,https://zryth.com
FutureAcad,IT Industry,,"Bangalore Rural, Karnataka, India",2022,https://futureacad.com/
Nelvian Solutions,IT Industry,,"Udupi, Karnataka, India",2022,https://www.nelvian.com/
YourStory Media,Media & Entertainment,,"Bengaluru Urban, Karnataka, India",2008,
Sproox Software Solution (OPC) private limited,IT Industry,,"Bengaluru Urban, Karnataka, India",2023,
Government Tool Room & Training Centre Yadgir,Manufacturing,,"Yadagiri, Karnataka, India",1972,https://gttc.karnataka.gov.in/en
Karnataka German Technical Training Institutes (KGTTI) Mysuru,Education Industry,,"Mysuru, Karnataka, India",2022,https://www.kgtti.com
SGC Services,Education Industry,,"Bengaluru Urban, Karnataka, India",2016,https://www.sgcservices.in/index.php
Prajnan Software Pvt. Ltd.,IT Industry,,"Bengaluru Urban, Karnataka, India",2024,https://www.prajnansoftwares.com/
Government Tool Room & Training Centre Chikodi,Manufacturing,,"Belagavi, Karnataka, India",1972,https://gttc.karnataka.gov.in/page/GTTC%20Centres/Chikodi/en
KiboX Innovations,IT Industry,,"Bengaluru Urban, Karnataka, India",2025,https://www.kiboxinnovations.com
ECO GREEN THEORY AGROTECH LLP,Manufacturing,,"Mysuru, Karnataka, India",2024,https://www.ecogreenagrotech.com/
Samvardhane technologies private limited,IT Industry,,"Bengaluru Urban, Karnataka, India",2002,https://www.cxforall.com/samvardhane/index.html
buildAhome,Construction & Engineering,,"Bengaluru Urban, Karnataka, India",2016,https://www.buildahome.in/
Innovant IT Solutions,IT Industry,,"Shimoga, Karnataka, India",2016,https://innovantitsolutions.in/
INCERD,IT Industry,,"Bengaluru Urban, Karnataka, India",2017,https://incerd.in/
Government Tool Room & Training Centre Kudalasangama,Manufacturing,,"Bagalkote, Karnataka, India",1972,https://gttc.karnataka.gov.in/en
NCN Technologies,Manufacturing,,"Bengaluru Urban, Karnataka, India",1989,https://ncntechnologies.com
NIVANSYS TECHNOLOGIES,IT Industry,,"Bengaluru Urban, Karnataka, India",2023,http://nivansys.in
Global Logica Software Technologies,IT Industry,,"Bengaluru Urban, Karnataka, India",2009,https://globallogica.com
VPA Technologies,Not Specified,,"Bangalore Rural, Karnataka, India",2024,www.vpatechnologies.in
cantercadd kalaburagi,Education Industry,,"Kalaburagi, Karnataka, India",2004,https://www.cantercadd.com/institute/Kalaburagi-centre
Code Saffron,IT Industry,,"Shimoga, Karnataka, India",2025,https://codesaffron.com/
Netpy Technologies,IT Industry,,"Bangalore Rural, Karnataka, India",2024,https://netpy.in/
Government Tool Room & Training Centre-GOKAK,Manufacturing,,"Belagavi, Karnataka, India",1972,https://gttc.karnataka.gov.in/en
IntrnForte Private Limited,Education Industry,,"Bengaluru Urban, Karnataka, India",2022,https://intrnforte.com/
EizBiz Private Limted,IT Industry,,"Hubli, Karnataka, India",2025,https://eizbiz.com
Torsecure Cyber LLP,IT Industry,,"Mangalore, Karnataka, India",2023,https://www.torsecure.com
Khatabook (operated by Kyte Technologies),Finances,,"Bengaluru Urban, Karnataka, India",2018,https://khatabook.com/
Addere Creations Pvt Ltd,Manufacturing,,"Bengaluru Urban, Karnataka, India",2023,https://www.adderecreations.com/
kanprokagno innovation private limited,IT Industry,,"Visakhapatnam, Andhra Pradesh, India",2024,https://www.prokagno.co.in
Bangalore Aircraft Industries Pvt Ltd,Education Industry,,"Bangalore Rural, Karnataka, India",2008,https://www.bailindia.com/
Interiors By Ranjani (IBR Designs),Construction & Engineering,,"Bengaluru Urban, Karnataka, India",2013,https://ibrdesigns.com/
TSIAR SPORTS PRIVATE LIMITED,Health Care. Fitness & Recreation,,"Mysuru, Karnataka, India",2024,https://tsiar.com/
WINNER DESIGN SOLUTIONS LLP,Construction & Engineering,,"Bengaluru Urban, Karnataka, India",2019,https://winnerdesignsolutions.in/
TECHNOTHARANGA SOLUTIONS PRIVATE LIMITED,IT Industry,,"Tumkur, Karnataka, India",2019,https://technotharanga.com/
I TECH TOOLING,Manufacturing,,"Pune, Maharashtra, India",2014,
Cittagent Technologies Pvt. Ltd.,IT Industry,,"Bengaluru Urban, Karnataka, India",2018,http://www.cittagent.com
SustivonAI Pvt Ltd,IT Industry,,"Bengaluru Urban, Karnataka, India",2025,https://www.sustivon.com
CADMAXX EDTECH PVT LTD,Education Industry,,"Bangalore Rural, Karnataka, India",2004,https://cadmaxxedtech.com/
"Machine Learning for Advanced Process Control Lab - CPS Enabled, MIT Manipal",Education Industry,,"Udupi, Karnataka, India",2023,https://itarasu.com
CASHUTEC NIRMITHI KENDRA,Government sector,,"Raichur, Karnataka, India",2003,
CLOSOFT TECHNOLOGIES PRIVATE LIMITED,Manufacturing,,"Bengaluru Urban, Karnataka, India",2020,https://clo-soft.com/
PYLABSEDU TECHNOLOGY,IT Industry,,"Bengaluru Urban, Karnataka, India",2026,https://www.pylabsedu.org/
IMOD LEARNING PRIVATE LIMITED,Education Industry,,"Mandya, Karnataka, India",2019,https://hprlfc.courses.store/
CloudFrame Technologies,IT Industry,,"Belagavi, Karnataka, India",2024,https://cloudframetechnologies.com
OptimusLogic Systems India Private Limited,Telecom Industry,,"Bangalore Rural, Karnataka, India",2013,https://www.optimusrhino.com
M M CONSTRUCTION,Construction & Engineering,,"Mangalore, Karnataka, India",1995,https://mmconstructions.in/
GOVERNMENT TOOL ROOM AND TRAINING CENTRE (GTTC)- KOPPAL,Manufacturing,,"Koppal, Karnataka, India",1972,https://gttc.karnataka.gov.in/en
Akshayakalpa Farms And Foods Pvt Ltd,Not Specified,,"Bangalore Rural, Karnataka, India",2010,www.akshayakalpa.org
INDIAFIX SOLUTIONS PRIVATE LIMITED,IT Industry,,"Bangalore Rural, Karnataka, India",2025,https://fixidu.com
Vulcan Learning Collective LLP,IT Industry,,"Dakshina Kannada, Karnataka, India",2024,https://vulcans.co.in/
"Centre of Excellence in Design (D-CoE), Indian Institute of Science (IISc)",Not Specified,,"Bangalore Rural, Karnataka, India",2024,https://dcoeiisc.com/
Lotus Construction,Construction & Engineering,,"Dakshina Kannada, Karnataka, India",2015,https://lotusproperties.co.in
Chandana IT Solutions,IT Industry,,"Mysuru, Karnataka, India",2024,https://www.chandanaitsolutions.com/
Yuktara SoftTech LLP,IT Industry,,"Mysuru, Karnataka, India",2025,https://yuktara.in/
HMT Machine Tools Limited,Not Specified,,India,1953,
Konigtronics (OPC) Private Limited,IT Industry,,"Bengaluru Urban, Karnataka, India",2016,https://konigtronics.com/
DESIGNUS,Manufacturing,,"Mysuru, Karnataka, India",2011,https://designus.co.in/
Mew Technology,Not Specified,,"Bangalore Rural, Karnataka, India",2022,https://mewtech.in/
A B ERAPPA,Construction & Engineering,,"kodagu, Karnataka, India",2019,
MAVIXY,IT Industry,,"Bangalore Rural, Karnataka, India",2024,https://www.mavixy.com/
FerroPulse Technology Solution Private Limited,Travel & Tourism,,"Bengaluru Urban, Karnataka, India",2025,https://ferropulse.com
GOVERNMENT TOOL ROOM AND TRAINING CENTRE - HUMNABAD,Manufacturing,,"Bidar, Karnataka, India",1972,https://gttc.karnataka.gov.in
NEW VISION CADD TRAINING CENTRE,Education Industry,,"Shimoga, Karnataka, India",2019,https://newvisioncadd.com
SHRI KAMAKSHI & CO,Manufacturing,,"Gadag, Karnataka, India",2021,
Keoch IT Solutions Private Limited,IT Industry,,"Kalaburagi, Karnataka, India",2019,https://keoch.in/
100x - INDISQUAD R&D INDIA PRIVATE LIMITED,IT Industry,,"Ahmedabad, Gujarat, India",2025,https://100x.inc/
Eduphygital - Global Academy of Technology,Education Industry,,"Bangalore Rural, Karnataka, India",2015,https://www.eduphygital.com
VTU Centre of Excellence - Entuple Technologies Pvt. Ltd.,IT Industry,,"Belagavi, Karnataka, India",2010,https://www.abhiyantha.com/
"NANO ORGANIC ELECTRONICS &amp; EARTH'S FIELD NMR LAB (NOEL-EFNMR LAB), AIET, MOODBIDRI",Not Specified,,India,2017,https://www.aiet.org.in/department2/physics/
AIFYMIND Software Solutions,IT Industry,,"Bangalore Rural, Karnataka, India",2016,https://aifymind.com/
Rv college of engineering,Education Industry,,"Bengaluru Urban, Karnataka, India",1963,https://rvce.edu.in/
Samika Training Hub,Education Industry,,"Bangalore Rural, Karnataka, India",2025,https://www.samikatraininghub.com
Venturebiz Promotions Private Limited,IT Industry,,"Bengaluru Urban, Karnataka, India",2025,https://www.venturebiz.in
Vinncraft Software Pvt Ltd,IT Industry,,"Bengaluru Urban, Karnataka, India",2024,https://www.vinncraft.com
LST RGINNOTECH PVT LTD,IT Industry,,"Bengaluru Urban, Karnataka, India",2024,https://lstrginnotech.org/
Blugate Software Technologies Pvt. Ltd.,IT Industry,,"Bengaluru Urban, Karnataka, India",2010,https://www.blugate-soft.com
Digital Dreams Institute of Technology,IT Industry,,"vijayapura, Karnataka, India",2024,https://digitaldreamsinstitutetech.com
4G5G Consultants Pvt. Ltd,Telecom Industry,,"Belagavi, Karnataka, India",2020,https://4g5gconsultants.com/
SHANKARANARAYANA CONSTRUCTIONS PRIVATE LIMITED,Construction & Engineering,,"Bengaluru Urban, Karnataka, India",1960,https://ssncindia.co.in
Huegli Tech engineering pvt Ltd,Manufacturing,,"Bengaluru Urban, Karnataka, India",2017,https://www.huegli-tech.com/
Ascend Career,Education Industry,,"Bengaluru Urban, Karnataka, India",2023,
"Navodaya Institute of Technology - Raichur, ECE Research Center",Not Specified,,"Karnataka, India",2008,https://www.navodayaengineering.edu.in/
upGrad Education Private Limited,Education Industry,,"Mumbai, Maharashtra, India",2015,https://upgrad.com/
Centre of Excellence - Software Testing,IT Industry,,"Bangalore Rural, Karnataka, India",2023,https://www.rrce.org/center-of-excellence-ise/
IRA MAGNETIX PRIVATE LIMITED,Manufacturing,,"Hassan, Karnataka, India",2025,https://imxpl.com
ITIE Knowledge Solutions,Health Care. Fitness & Recreation,,"Bangalore Rural, Karnataka, India",2007,https://itie.in/
Scapaa Technologies (OPC) Private Limited,Education Industry,,"Bengaluru Urban, Karnataka, India",2025,https://www.quazaredu.com
AB Nexus,Finances,,"Bengaluru Urban, Karnataka, India",2017,https://abnexus.com/
Saara IT Solutions Private Limited,IT Industry,,"Udupi, Karnataka, India",2012,https://saarasolutions.com
VEDANT DEVELOPERS AND BUILDERS,Construction & Engineering,,"Belagavi, Karnataka, India",2023,
DIGITALTRANSOLS AI PRIVATE LIMITED,IT Industry,,"Bengaluru Urban, Karnataka, India",2025,https://digitransolutions.in
Biotecnika Info Labs Pvt Ltd,Education Industry,,"Bengaluru Urban, Karnataka, India",2011,https://www.biotecnika.org/
Nirmith AI Labs,IT Industry,,"Bangalore Rural, Karnataka, India",2025,https://nirmithai.com/
HPS BIM Institute,Construction & Engineering,,"Bengaluru Urban, Karnataka, India",2023,https://hpsbimins.com/index.php
Aryan Exports India Inc,E-commerce,,"Bengaluru Urban, Karnataka, India",2024,
CONTENTRIBUTOR,IT Industry,,"Bengaluru Urban, Karnataka, India",2021,https://www.contentributor.com
Sumeru Global Support Solutions Private Limited,Not Specified,,"Bangalore Rural, India",2017,https://sumeruglobal.in/
Vision Flow Technologies,IT Industry,,"Mangalore, Karnataka, India",2025,https://www.visionflowtech.com/
GOVT TOOL ROOM & TRAINING CENTRE TUMKUR,Government sector,,"Tumkur, Karnataka, India",1972,https://gttc.karnataka.gov.in/en
Manyathy Business Solutions LLP,IT Industry,,"Bangalore Rural, Karnataka, India",2016,https://manyathy.in
CMTI -Construction Management Training Institute Pvt Limited,Construction & Engineering,,"Bangalore Rural, Karnataka, India",2018,https://www.cmti.co.in/
iTekPackz,Manufacturing,,"Bengaluru Urban, Karnataka, India",2013,https://itekpackz.com/
Thought Process Systems LLP,IT Industry,,"Bengaluru Urban, Karnataka, India",2016,https://www.thoughtprocess.co.in/
MEDINIS Eduphygital-Vtu Mysuru,Education Industry,,"Mysuru, Karnataka, India",2015,https://eduphygital.com
Ideal Workforce Staffing Solutions Pvt Ltd,Manufacturing,,"Bangalore Rural, Karnataka, India",2004,https://www.idealworkforce.co.in
Linkzie Technologies Private Limited,IT Industry,,"Bengaluru Urban, Karnataka, India",2020,https://linkzie.in
WINSUN GLOBAL TECH PVT LTD,IT Industry,,"Bangalore Rural, Karnataka, India",2021,https://winsunglobaltech.com/
CyberI Infotech Private Limited,IT Industry,,"Bengaluru Urban, Karnataka, India",2024,https://cyberiinfotech.com
Power Rays,"Marketing, Advertising, Sales",,"Bangalore Rural, Karnataka, India",2018,www.powerrays.in
GS FABRICATORS,Manufacturing,,"Bengaluru Urban, Karnataka, India",1988,https://www.gsfabricatorsblr.com/
SeedlingLabs Private Limited,IT Industry,,"Bengaluru Urban, Karnataka, India",2025,https://www.seedlinglabs.com
Alar Innovations Pvt Ltd,IT Industry,,"Hubli, Karnataka, India",2023,https://alarinnovations.com/
Sceen,IT Industry,,"Bangalore Rural, Karnataka, India",2024,https://sceen.me
Pivotr,IT Industry,,"Bengaluru Urban, Karnataka, India",2024,https://www.pivotr.in/
St Joseph Engineering College,Not Specified,,"Hubli, Karnataka, India",2002,https://sjec.ac.in/
AY Labs,IT Industry,,"Bengaluru Urban, Karnataka, India",2025,https://aylabs.in/
LIVE GREEN,Health Care. Fitness & Recreation,,"Tumkur, Karnataka, India",2015,https://livegreenindia.com/
Mugrody Constructions,Construction & Engineering,,"Mangalore, Karnataka, India",1996,https://mugrody.com/
J J Constructions,Construction & Engineering,,"Nagpur, Maharashtra, India",2004,https://jjconstruction.co.in/
NTTF Dharwad,Education Industry,,"Dharwad, Karnataka, India",1964,http://www.nttftrg.com
Green Concept Enginnering Consultant. Private Limited,Construction & Engineering,,"Mangalore, Karnataka, India",2024,https://greencec.ae/
ALLER TECHNOLOGIES PRIVATE LIMITED,IT Industry,,"Kalaburagi, Karnataka, India",2021,https://aller.in/
KodNest Technologies Pvt Ltd,Education Industry,,"Bengaluru Urban, Karnataka, India",2019,https://www.kodnest.com
Kshipani Tech Ventures Private Limited,IT Industry,,"Bengaluru Urban, Karnataka, India",2025,
Besant Technologies (A Unit of BDreamz Global Solutions Pvt),Education Industry,,"Bengaluru Urban, Karnataka, India",2015,https://www.besanttechnologies.com/
SAHYNEX TECHSOLUTIONS PRIVATE LIMITED,Media & Entertainment,,"Mangalore, Karnataka, India",1996,
NYXSES INDIA PRIVATE LIMITED,IT Industry,,"Bengaluru Urban, Karnataka, India",2016,https://www.nyxses.com
Hiland Realty Pvt Ltd,"Marketing, Advertising, Sales",,"Bengaluru Urban, Karnataka, India",2007,https://hilandrealty.com
Navikshaa Technologies,IT Industry,,"Bengaluru Urban, Karnataka, India",2025,https://www.navikshaa.com/
Aspire Techsoft Private Limited,IT Industry,,"Bengaluru Urban, Karnataka, India",2011,https://aspireit.net/
CHROMED BIOSCIENCE PRIVATE LIMITED,Health Care. Fitness & Recreation,,"Tumkur, Karnataka, India",2021,https://chromedbio.com/
Vyom-Ni Solutions LLP,IT Industry,,"Mangalore, Karnataka, India",2025,https://vyom-ni.com/
Synthesis Winding Technologies Pvt. Ltd.,Manufacturing,,"Bengaluru Urban, Karnataka, India",2000,https://synthesis-winding.com/
Tarun Soft Pvt. Limited,IT Industry,,"Bangladesh, Bangladesh, Bangladesh",2023,https://www.tarunsoft.com
Unidemy Global Private Limited,IT Industry,,"Bengaluru Urban, Karnataka, India",2021,https://unidemyglobal.com/
Impactite global solutions,IT Industry,,"Bengaluru Urban, Karnataka, India",2020,https://impactitegs.com/
Centre of Excellence Digital Forensics Intelligence,IT Industry,,"Mangalore, Karnataka, India",2018,https://sahyadri.edu.in/CoE-DFICS
ROTHIAN LTD,IT Industry,,"United Kingdom, United Kingdom, United Kingdom",2018,https://rothian.com
YQ14 Technologies Pvt Ltd,IT Industry,,"Bangalore Rural, Karnataka, India",2018,https://yq14tech.com/
Ada Lovelace Foundation,IT Industry,,"Davanagere, Karnataka, India",2020,https://adalovelace.co.in/
Spark Magic Technologies,IT Industry,,"Bengaluru Urban, Karnataka, India",2021,https://sparkmagic.in/
JSN TECHNOLOGIES,IT Industry,,"Bengaluru Urban, Karnataka, India",2024,https://aiworkflowautomate.com/
INFOPINE CONSULTANCY SERVICES PRIVATE LIMITED,IT Industry,,"Mysuru, Karnataka, India",2017,https://infopine.com/
Safenco Smart Solutions Private Limited,IT Industry,,"Bengaluru Urban, Karnataka, India",2024,https://tranna.in
Scontinent Technologies Private Limited,Not Specified,,"Bangalore Rural, Karnataka, India",2021,https://scontinent.com
Ada Lovelace software Private Limted,IT Industry,,"Davanagere, Karnataka, India",2020,https://www.ada-lovelace.in/
NANOQUEST,IT Industry,,"Bengaluru Urban, Karnataka, India",2023,
Tiecee pvt ltd,"Marketing, Advertising, Sales",,"Bangalore Rural, Karnataka, India",2022,https://www.tiecee.com/
Zayraiq Technology Solutions Private Limited,IT Industry,,"vijayapura, Karnataka, India",2025,https://zayraiq.com
VAPT CONSULTANTS PRIVATE LIMITED,IT Industry,,"Bangalore Rural, Karnataka, India",2020,https://vaptconsultant.com/
BRAVYNEX ENGINEERING,Education Industry,,"Hubli, Karnataka, India",2025,https://bravynex.vercel.app/
ARK Infosolutions Private Limited,IT Industry,,"Noida, Uttar Pradesh, India",2012,https://www.arkinfo.in/
ADVANCED REALITY SOLUTIONS LLP,Not Specified,,"New Delhi, Delhi, India",2024,http://www.advancedrealitysolutions.com/
ATOM,Education Industry,,"Bangalore Rural, Karnataka, India",2022,https://www.atomm.in/
Dr APJ Abdul Kalam Research Foundation,Education Industry,,"New Delhi, Delhi, India",2018,https://kalamfoundation.org
Excerpt Teachnologies pvt ltd,IT Industry,,"Bengaluru Urban, Karnataka, India",2020,https://excerptech.com
Localview Tech Private Limited,IT Industry,,"Belagavi, Karnataka, India",2022,https://localview.in
Goa Electronics Limited,IT Industry,,"Panaji, Goa, India",1978,
SION SEMICONDUCTOR PRIVATE LIMITED,IT Industry,,"Bengaluru Urban, Karnataka, India",2015,https://sionsemi.com
I-Tech Institute,Education Industry,,"Bangalore Rural, Karnataka, India",1997,https://www.i-techinstitute.com/
RDL Technologies Pvt. Ltd.,IT Industry,,"Mangalore, Karnataka, India",2016,https://rdltech.in/
Stellite Engineering Services,IT Industry,,"Belagavi, Karnataka, India",2018,
Hebbit Technologies LLP,IT Industry,,"Shimoga, Karnataka, India",2022,https://www.hebbit.tech/
Mantrika.ai,Not Specified,,"Hubli, Karnataka, India",2024,https://mantrika.ai/
New Royal Agencies,Manufacturing,,"Mysuru, Karnataka, India",1989,
Shree Techo Products,Manufacturing,,"Bengaluru Urban, Karnataka, India",2023,
TENET TECHNETRONICS,Education Industry,,"Bangalore Rural, Karnataka, India",2007,https://www.tenettech.com/
Sri Shasha Prayathi Technologies,IT Industry,,"Mangalore, Karnataka, India",2020,https://www.shashaprayathi.com/
TurfBnb,IT Industry,,"Mumbai, Maharashtra, India",2020,https://sainam.tech/
LINGOTRAN PRIVATE LIMITED,IT Industry,,"Mysuru, Karnataka, India",2021,https://lingotran.com/
Eidien Engineering Solutions Pvt. Ltd.,Construction & Engineering,,"Dharwad, Karnataka, India",2016,
CCC,IT Industry,,"Hassan, Karnataka, India",2020,https://bce.org.in/ic3-about/
Ola Electric Technologies Private Limited,Manufacturing,,"Bengaluru Urban, Karnataka, India",2017,https://www.olaelectric.com/about
CHIPEDGE TECHNOLOGIES PRIVATE LIMITED,Education Industry,,"Bengaluru Urban, Karnataka, India",2012,https://chipedge.com/
AIML SolutionsNow LLP,IT Industry,,"Bangalore Rural, Karnataka, India",2024,https://aimlsn.com/
Hethur Constructions,Construction & Engineering,,"Bengaluru Urban, Karnataka, India",2022,https://hethur-construction-solutions.b12sites.com/
Nano Stream Technologies,IT Industry,,"Bengaluru Urban, Karnataka, India",2025,https://www.nanostreamtechnologies.com
Government Tool Room and Training Centre-Challakere,Manufacturing,,"Chitradurga, Karnataka, India",1972,https://gttc.karnataka.gov.in/en
CIVIL LAB AND GEOTECH CONSULTANTS,Construction & Engineering,,"Bengaluru Urban, Karnataka, India",2016,https://www.civillabblr.com/
SN INFO SYSTEMS,IT Industry,,"Bangalore Rural, Karnataka, India",2019,https://www.sninfosystems.com/
Glowlogics Solutions Pvt Ltd,Education Industry,,"Bangalore Rural, Karnataka, India",2024,https://www.glowlogics.in/
IB Associates,Construction & Engineering,,"vijayapura, Karnataka, India",2016,
Technofly Solutions Private Limited,IT Industry,,"Bengaluru Urban, Karnataka, India",2015,https://technofly.in
SHINE Foundation,Not Specified,,"Hubli, Karnataka, India",2018,https://shine.sahyadri.edu.in/
Wingslide Technologies,IT Industry,,"Bangalore Rural, Karnataka, India",2022,https://www.wingslide.com/
Anthropic Softwares Pvt Ltd,IT Industry,,"Belagavi, Karnataka, India",2017,https://anthropic.in
DNASKEW Analytics Pvt Ltd,IT Industry,,"Bengaluru Urban, Karnataka, India",2017,https://www.dnaskew.com
Krosum Labs,IT Industry,,"Bangalore Rural, Karnataka, India",2018,https://www.krosum.com
Neokisan Innovations Pvt Ltd,Manufacturing,,"Hubli, Karnataka, India",2025,
Manch Technologies Pvt. Ltd.,IT Industry,,"Bengaluru Urban, Karnataka, India",2017,https://manchtech.com
M/s S S Alur Construction Company,Construction & Engineering,,"vijayapura, Karnataka, India",1992,https://alurgroupofcompanies.com/
Hack and Grow Consultancy Pvt Ltd,IT Industry,,"Mysuru, Karnataka, India",2023,https://hackculture.io/
ALTRODAV TECHNOLOGIES PVT LTD,IT Industry,,"Bengaluru Urban, Karnataka, India",2024,https://meetmux.com/
Sharp Gurus,IT Industry,,"Mumbai, Maharashtra, India",2001,https://sharpgurus.com/#about
SunBio IT Solutions,IT Industry,,"Bangalore Rural, Karnataka, India",2012,https://sunbioit.com
Dyashin Technosoft Pvt Ltd,IT Industry,,"Bangalore Rural, Karnataka, India",2023,https://dyashin.com/
Government Tool Room & Training Centre SHIVAMOGGA,Manufacturing,,"Shimoga, Karnataka, India",1972,https://gttc.karnataka.gov.in/en
Hamsavata IoT LLP,IT Industry,,"Hyderabad, Telangana, India",2025,
ClearCloud Technologies Pvt Ltd,IT Industry,,"Bengaluru Urban, Karnataka, India",2020,https://clearcloudsys.com
UNOFFICIALOFFICE,Education Industry,,"Belagavi, Karnataka, India",2025,https://sites.google.com/view/unofficialoffice/home
Loginware Softtec Pvt Ltd,IT Industry,,"Bangalore Rural, Karnataka, India",2016,https://www.loginwaresofttec.com/
Codevice Solution Pvt Ltd.,IT Industry,,"Bangalore Rural, Karnataka, India",2010,https://codevicesolution.in/
Virabh Research Solutions &amp; Consultancy Pvt. Ltd.,IT Industry,,"Bangalore Rural, Karnataka, India",2019,https://virabh.in/
Skyneski Techprivated Limited,IT Industry,,"Mysuru, Karnataka, India",2023,https://skyneski.com
Carbine Systems Private Limited,Manufacturing,,"Belagavi, Karnataka, India",2023,https://www.carbine.co.in/
P4U HealthCare Pvt Ltd,IT Industry,,"Belagavi, Karnataka, India",2024,https://p4uhealthcare.com
noDevBuild LLP,IT Industry,,"Noida, Uttar Pradesh, India",2025,https://nodevbuild.com/
Central Institute of Petrochemicals Engineering &amp; Technology (CIPET:SARP-APDDRL),Government sector,,"Bangalore Rural, Karnataka, India",2017,https://www.cipet.gov.in/centres/cipet-bengaluru/introduction.php
Samarpan Sahyadri Tech LLP,Construction & Engineering,,"Mangalore, Karnataka, India",2019,
KEYLYNK TRAINING EMPOWERMENT AND MENTORSHIP LLP,Education Industry,,"Bengaluru Urban, Karnataka, India",2023,https://keylynk.com
Aparajita Civil Consultants LLP,Not Specified,,"Mysuru, Karnataka, India",2021,
CLOUDWAVE TECHNOLOGIES PVT LTD,Manufacturing,,"Bangalore Rural, Karnataka, India",2014,https://cloudwave.in
Govt. Tool Room & Training Centre - Maddur,Government sector,,"Mandya, Karnataka, India",2000,https://gttc.karnataka.gov.in/en
Pantech Solutions India Pvt Ltd,Not Specified,,"Chennai, Tamil Nadu, India",2021,https://pantechelearning.com/
EyeQ Dot Net Private Limited,IT Industry,,"Mangalore, Karnataka, India",2022,https://www.eyeqdotnet.com
Electrohms Private Limited,Manufacturing,,"Bengaluru Urban, Karnataka, India",1973,https://www.electrohms.com/
Naksys Global Technologies India Pvt Ltd,IT Industry,,"Bangalore Rural, Karnataka, India",2024,https://naksysglobal.com
Emertxe Information Technologies Private Limited,Education Industry,,"Bangalore Rural, Karnataka, India",2004,https://www.emertxe.com/
Government Tool Room & Training Centre - KADUR,Manufacturing,,"Chikmagalur, Karnataka, India",1972,https://gttc.karnataka.gov.in/en
Dubizzle Group Holdings Limited,"Marketing, Advertising, Sales",,"United Arab Emirates, United Arab Emirates, United Arab Emirates",2006,https://www.dubizzlegroup.com
UNNATHI ENTERPRISES.,Education Industry,,"Bengaluru Urban, Karnataka, India",2021,https://skilluniverse.net
Taskora Pvt Ltd,IT Industry,,"Bengaluru Urban, Karnataka, India",2025,https://taskoratech.com/
Artallur Technologies India LLP,IT Industry,,"Belagavi, Karnataka, India",2019,https://atil.ltd/
ECO ENERGIME ENGINEERS LLP,Construction & Engineering,,"Bengaluru Urban, Karnataka, India",2015,https://www.eeellp.com/
averixis solutions,Education Industry,,"Bangalore Rural, Karnataka, India",2024,https://www.averixis.com
Karnataka German Technical Training Institute Extension Centre (KGTTI) - Karkala,Government sector,,"Udupi, Karnataka, India",2022,https://www.kgtti.com/
Karnataka German Technical Training Institute (KGTTI) Mangaluru,Education Industry,,"Mangalore, Karnataka, India",2015,https://www.kgtti.com/
Vidhyapeet Grow Your Skills Llp,Education Industry,,"Bangalore Rural, Karnataka, India",2025,https://vidhyapeetgrowyourskills.in/
Netzwerk Ai Pvt Ltd,IT Industry,,"Kalaburagi, Karnataka, India",2020,https://netzwerkai.in/
TARCIN ROBOTIC LLP,Education Industry,,"Madurai, Tamil Nadu, India",2017,https://tarcin.in
Manomaya AI Systems Private Limited,IT Industry,,"Bengaluru Urban, Karnataka, India",2022,https://manomayaai.com/
Clickcrawl Media Private Limited,IT Industry,,"Hubli, Karnataka, India",2018,https://clickcrawl.net/
Vrishabh Soft OPC Pvt Ltd,IT Industry,,"Bengaluru Urban, Karnataka, India",2024,
SecuritySaints Technologies Pvt Ltd,IT Industry,,"Kolkata, West Bengal, India",2020,https://www.securitysaints.com/
Agile Value Systems Private Limited,IT Industry,,"Bangalore Rural, Karnataka, India",2014,https://agilevs.com/
STRINT TECHNOLOGIES PRIVATE LIMITED,IT Industry,,"Tirupati, Andhra Pradesh, India",2025,https://strinttechnologies.com
University BDT College of Engineering,Not Specified,,"Shimoga, Karnataka, India",2020,
RunShaw Technologies Private Limited,IT Industry,,"Mysuru, Karnataka, India",2018,https://runshaw.in/
SPACEGRAPH TECHNOLOGIES PRIVATE LIMITED,IT Industry,,"Bengaluru Urban, Karnataka, India",2019,https://spacegraph.in/
Fab Realty Private Limited,Construction & Engineering,,"Bengaluru Urban, Karnataka, India",2021,
RUTWIK NAGWANKAR,IT Industry,,"Pune, Maharashtra, India",2024,
ISTAFFVISION CONSULTING LLP,IT Industry,,"Bengaluru Urban, Karnataka, India",2021,https://www.istaffvision.in/
TAPAS INFRATECH,Construction & Engineering,,"Dakshina Kannada, Karnataka, India",2017,
DREGAL I PRIVATE LIMITED,IT Industry,,"Dakshina Kannada, Karnataka, India",2023,https://www.dregali.com/
Genzeducatewing innovation private limited,Education Industry,,"Bangalore Rural, Karnataka, India",2023,https://genzeducatewing.com
Spherenex,IT Industry,,"Bangalore Rural, Karnataka, India",2025,https://www.spherenex.com/
VS TEC,Not Specified,,"Bangalore Rural, Karnataka, India",2019,https://www.youtube.com/@VSTEC-GO
Ranazonai Technologies,IT Industry,,"Hyderabad, Telangana, India",2024,https://ranazonai.com/
CodingCup Labs,IT Industry,,"Bengaluru Urban, Karnataka, India",2022,https://codingcuplabs.com/
Mipzo EdTech Pvt Ltd,Education Industry,,"Hassan, Karnataka, India",2023,https://mipzosmile.in/
MicroDegree Education Private Limited,IT Industry,,"Bengaluru Urban, Karnataka, India",2017,https://www.microdegree.work/
AKASH ENTERPRISES,Manufacturing,,"Bengaluru Urban, Karnataka, India",2015,
INDISIGN,Manufacturing,,"Bengaluru Urban, Karnataka, India",2021,https://www.indi-sign.com/lander
SUMDRAGROFOODS,E-commerce,,"Bengaluru Urban, Karnataka, India",2023,
Novigo Solutions Private Limited,IT Industry,,"Mangalore, Karnataka, India",2013,http://www.novigosolutions.com
ParvaM Consul-Tech pvt. Ltd.,IT Industry,,"Bangalore Rural, Karnataka, India",2017,https://parvamconsultech.com/
EXE FACTOR ANALYTICS HUB LLP,Not Specified,,"Bangalore Rural, Karnataka, India",2024,https://exefactoranalyticshub.com/
LogicHive Solutions Pvt Ltd,IT Industry,,"Dakshina Kannada, Karnataka, India",2016,https://logichive.in/
Government Tool Room & Training Centre - Chitradurga,Manufacturing,,"Chitradurga, Karnataka, India",1972,https://gttc.karnataka.gov.in/en
hungercat,IT Industry,,"Udupi, Karnataka, India",2018,https://www.hungercat.com/
ADVAITH INNOVATION AND INCUBATION FOUNDATION,Education Industry,,"Bangalore Rural, Karnataka, India",2025,
Govt. Tool Room & Training Centre Hunsur,Manufacturing,,"Mysuru, Karnataka, India",1972,https://gttc.karnataka.gov.in/en
NYERAS EDUTECH & INNOVATIONS PRIVATE LIMITED,IT Industry,,"Bangalore Rural, Karnataka, India",2025,https://www.nyeras.com/
Abhivrtti India Pvt Ltd,Education Industry,,"Bengaluru Urban, Karnataka, India",2024,https://www.abhivrtti.com
Roshini Home Products,E-commerce,,"Mangalore, Karnataka, India",2020,https://www.roshinis.com/
InnAccel Technologies Private Limited,Health Care. Fitness & Recreation,,"Bengaluru Urban, Karnataka, India",2014,https://innaccel.com/
Kosha Technohub Pvt Ltd,IT Industry,,"Mysuru, Karnataka, India",2014,https://www.koshatechnohub.com/
Government Tool Room & Training Centre - KOLAR,Education Industry,,"Kolar, Karnataka, India",1972,https://gttc.karnataka.gov.in/en
"Government Tool Room and Training Centre, Hassan",Manufacturing,,"Hassan, Karnataka, India",1994,https://gttc.karnataka.gov.in/en
Eduphoenix Solutions,Education Industry,,"Bengaluru Urban, Karnataka, India",2021,https://eduphoenixsolutions.in/
Campus Technology,IT Industry,,"Bangalore Rural, Karnataka, India",2009,https://campustechnology.me
ALPHAABETS DIGITAL LABS LTD,IT Industry,,"Bengaluru Urban, Karnataka, India",2021,https://www.alphaabets.com/
Aitch Nu Global Technologies Pvt. Ltd.,IT Industry,,"Bangalore Rural, Karnataka, India",2024,https://aitchnu.tech
MAGNUM CONSTRUCTIONS,Construction & Engineering,,"Bengaluru Urban, Karnataka, India",2023,https://www.magnumconstructions.in/
Kimshuka Technologies,IT Industry,,"Bengaluru Urban, Karnataka, India",2015,https://kimshuka.com/
Central Manufacturing Technology Institute,Manufacturing,,"Bangalore Rural, Karnataka, India",1962,https://cmti.res.in/
GOVERNMENT TOOL ROOM AND TRAINING CENTRE - DANDELI,Education Industry,,"Uttara Kannada, Karnataka, India",1995,https://gttc.karnataka.gov.in/10/dandeli-stu-09/en
Mecwin Technologies India Pvt Ltd,Manufacturing,,"Bengaluru Urban, Karnataka, India",2017,https://mecwinindia.com/contact/company-contacts.html
Amura Health Private Limited,Not Specified,,"Chennai, Tamil Nadu, India",2022,https://amura.ai
TrueByte Innovation LLP,IT Industry,,"Bengaluru Urban, Karnataka, India",2025,https://truebyteinnovation.com
PacePivot,E-commerce,,"Bengaluru Urban, Karnataka, India",2023,https://pacepivot.com/
MATRIX BUSINESS SERVICES INDIA PRIVATE LIMITED,IT Industry,,"Bangalore Rural, Karnataka, India",2003,https://www.linkedin.com/company/matrix-business-services-india-pvt-ltd/
Vidwat Associates,Construction & Engineering,,"vijayapura, Karnataka, India",2014,
GISUL,IT Industry,,"Bengaluru Urban, Karnataka, India",2020,https://www.gisul.co.in
SWEADISH LIFESCIENCES,Health Care. Fitness & Recreation,,"New Delhi, Delhi, India",1985,https://www.sweadishlifesciences.com/
"NTTF Bangalore Training Centre, Peenya Campus",Education Industry,,"Bangalore Rural, Karnataka, India",1978,https://nttftrg.com/internship-programs
Dotch Endeavours Private Limited,IT Industry,,"Bangalore Rural, Karnataka, India",2023,https://www.dotchendeavours.com/
Edutainer,Education Industry,,"Gurugram, Haryana, India",2009,https://www.edutainer.in/
Formaculture,IT Industry,,"Bengaluru Urban, Karnataka, India",2017,https://www.formaculture.com
SHLR Technosoft Pvt Ltd,IT Industry,,"Bangalore Rural, Karnataka, India",2010,https://shlrtechnosoft.com
Glorosh International,IT Industry,,"Kozhikode, Kerala, India",2005,https://glorosh.in/
NOTARC,Education Industry,,"Bangalore Rural, Karnataka, India",2022,https://www.notarc.in/
XT SILICON BRAINS TECHNOLOGIES PRIVATE LIMITED,Manufacturing,,"Bangalore Rural, Karnataka, India",2023,https://siliconbrains.co.in/index.html
BEST@PESU,Education Industry,,"Bangalore Rural, Karnataka, India",2024,https://pes.edu/best/
SmartED Innovations,Education Industry,,"Bengaluru Urban, Karnataka, India",2023,https://smarted.in
Angadi Technological Solution Private Limited,IT Industry,,"Bagalkote, Karnataka, India",2025,https://angsystech.com
Palindrome Labs,IT Industry,,"Gadag, Karnataka, India",2024,https://palindromelabs.com
Newgen Softech- Bangalore,IT Industry,,"Bengaluru Urban, Karnataka, India",2011,https://www.newgensoftech.com/
NR Innovium Technologies [OPC] Pvt Ltd,IT Industry,,"Bangalore Rural, Karnataka, India",2025,https://nrinnovium.com/
Nexainnov Solutions LLP,IT Industry,,"Dakshina Kannada, Karnataka, India",2024,https://www.nexainnov.com
AICTE Internships,Not Specified,,India,2020,
Matrix Square Technologies Private Limited,IT Industry,,"vijayapura, Karnataka, India",2015,https://matrix-square.com
Vstand4U Technologies Pvt LTD,Education Industry,,"Bangalore Rural, Karnataka, India",2025,
HAEGL TECHNOLOGIES PVT LTD,IT Industry,,"Hubli, Karnataka, India",2019,https://www.haegl.in
GOVT TOOL ROOM AND TRAINING CENTRE-BELAGAVI,Manufacturing,,"Belagavi, Karnataka, India",1972,https://gttc.karnataka.gov.in/en
Econfin Exploration Pvt Ltd,Education Industry,,"Bellary, Karnataka, India",2024,
VTU's VRIF,IT Industry,,"Belagavi, Karnataka, India",2023,https://vtuvrif.org
Avixo,IT Industry,,"Udupi, Karnataka, India",2026,https://avixo-software.web.app/
ABCG Pvt. Ltd.,Manufacturing,,"Dakshina Kannada, Karnataka, India",2000,https://abcgind.com
Logisys,Education Industry,,"Bengaluru Urban, Karnataka, India",1987,https://logisys.org
Nichi-In Software Solutions Pvt Ltd,IT Industry,,"Bangalore Rural, Karnataka, India",1997,https://www.nichi.com
Tiranga Aerospace,Manufacturing,,"Bangalore Rural, Karnataka, India",2017,https://www.tirangaaerospace.com/#
VSM Software Pvt Ltd,IT Industry,,"Bengaluru Urban, Karnataka, India",2000,https://vsmsoftware.com/
QuantumHive,IT Industry,,"Bangalore Rural, Karnataka, India",2009,
VrishankSoft (OPC) PVT LTD,IT Industry,,"Belagavi, Karnataka, India",2023,https://www.vrishanksoft.com/
POWER DRIVE ENGINEERS,Construction & Engineering,,"Dakshina Kannada, Karnataka, India",1992,
GAwC Renewables LLP,Construction & Engineering,,"Chikmagalur, Karnataka, India",2025,https://gawcrenewables.in/
Genesis Training a unit of Genplus Training & Consulting Services PVT LTD,Education Industry,,"Bangalore Rural, Karnataka, India",2020,https://genplusconsulting.com/
Dscape.AI Private Limited,IT Industry,,"Bangalore Rural, Karnataka, India",2024,https://www.dscape.co/
Sukhena Technologies Pvt. Ltd.,Construction & Engineering,,"Bangalore Rural, Karnataka, India",2011,https://sukhena.com/
KIET TECHNOLOGIES PRIVATE LIMITED,Manufacturing,,"Bengaluru Urban, Karnataka, India",2014,https://kietsindia.com
Astranova Dynamics LLP,IT Industry,,"Bengaluru Urban, Karnataka, India",2025,https://www.astranovainc.com
"ekLakshya Innovation Labs PVT, Ltd",IT Industry,,"Dharwad, Karnataka, India",2007,https://www.eklakshya.com
Samvid Buildtech Pvt Ltd,Construction & Engineering,,"Bengaluru Urban, Karnataka, India",2018,https://www.samvidbuildtech.com/
Sada Smart Solutions LLP,Not Specified,,"Hubli, Karnataka, India",2021,www.sadasmart.com
SMN CONTRACTORS,Construction & Engineering,,"Bengaluru Urban, Karnataka, India",2019,
DFIVE Technologies Private Limited,IT Industry,,"Bengaluru Urban, Karnataka, India",2020,https://dfivetechnologies.com/
Rise Infotech,IT Industry,,"Bengaluru Urban, Karnataka, India",2025,https://www.riseinfotech.in/
SKILL FACT,Not Specified,,"Bangalore Rural, Karnataka, India",2023,https://skillfact.in
JCE Innovation and Entrepreneurship Foundation,Education Industry,,"Belagavi, Karnataka, India",2025,
TORUS SOLUTIONS,IT Industry,,"Mysuru, Karnataka, India",2007,https://cptorus.in
Anspro Technologies,IT Industry,,"Bengaluru Urban, Karnataka, India",2013,https://ansprotech.com/
DTRI - Deshila Technology Research Institute,Telecom Industry,,"Mysuru, Karnataka, India",2022,https://www.dtri.in
Pushkala Technologies Pvt Ltd,Government sector,,"Bangalore Rural, Karnataka, India",2006,https://www.pushkala.in
Intelergy Engineering LLP,IT Industry,,"Bengaluru Urban, Karnataka, India",2024,
Seminarroom Education Pvt Ltd,Education Industry,,"Bengaluru Urban, Karnataka, India",2021,https://seminarroom.in/
Government Tool Room & Training Centre -Haveri,Manufacturing,,"Haveri, Karnataka, India",1972,https://gttc.karnataka.gov.in/en
Maven Silicon Pvt Ltd,Not Specified,,"Karnataka, India",2009,https://www.maven-silicon.com/
IT Solution Expert,IT Industry,,"Bengaluru Urban, Karnataka, India",2019,https://www.itsolutionexpert.co.in/
BINNBASH IT Solutions,Not Specified,,India,2016,
GLOBALKEMYA INDIA LLP,Construction & Engineering,,"Uttara Kannada, Karnataka, India",2019,https://www.globalkemya.com/
SOUTHERN SUPPLIERS HR SOLLUTIONS PVT LTD,Manufacturing,,"Bangalore Rural, Karnataka, India",1984,https://share.google/IdmdVaEgGi8CHWN9D
Adroit Technical Services Pvt Ltd,Construction & Engineering,,"Bangalore Rural, Karnataka, India",2005,https://www.adroitvaluation.com/
QA BANGALORE PVT LTD,Manufacturing,,"Bangalore Rural, Karnataka, India",2013,
VRAIO SOFTWARE SOLUTIONS PVT LTD,IT Industry,,"Bengaluru Urban, Karnataka, India",2015,https://vraio.in/
AJVA SP APPRAISAL SERVICES PRIVATE LIMITED,Construction & Engineering,,"Bengaluru Urban, Karnataka, India",2021,https://wyzvaluers.com/
Onfinance AI,IT Industry,,"Bengaluru Urban, Karnataka, India",2022,https://www.onfinance.ai/
DOSTBin Solutions private limited,Manufacturing,,"Bangalore Rural, Karnataka, India",2023,https://dostbin.com/
GANGOTHRI ENGINEERING CONSULTANCY & RESEARCH,Construction & Engineering,,"Chikkaballapur, Karnataka, India",2021,
Vivitron Energy Private Limited,Manufacturing,,"Bangalore Rural, Karnataka, India",2023,https://vivitronenergy.com
AMBINIX VENTURES PRIVATE LIMITED,IT Industry,,"Bengaluru Urban, Karnataka, India",2024,https://www.ambinixventures.in/
YHills Edutech Pvt. Ltd.,Education Industry,,"Noida, Uttar Pradesh, India",2021,https://yhills.com/
Reliable Integrated Management and Business Solutions Pvt. Ltd. (RIMBUSS Pvt. Ltd.),IT Industry,,"Bangalore Rural, Karnataka, India",2021,https://rimbuss.com/
IN-BIOT Private Limited,IT Industry,,"Bengaluru Urban, Karnataka, India",2016,https://www.inbiot.co.in
Pavan Elastomers,Manufacturing,,"Bengaluru Urban, Karnataka, India",2024,https://pavanelastomers.com/
Orkla India,Not Specified,,India,2007,https://www.orklaindia.com
"Department of Mechanical Engineering, VTU, Belagavi-590018.",Education Industry,,"Belagavi, Karnataka, India",2015,https://www.vtu.ac.in
Chokmah Technologies Pvt Ltd,IT Industry,,"Bengaluru Urban, Karnataka, India",2018,https://www.chokmah.in/
TriSpace Technologies Pvt Ltd,Telecom Industry,,"Bengaluru Urban, Karnataka, India",2015,https://www.trispacetech.com
Risk Guard Enterprise Solutions OPC Pivate Limited,IT Industry,,"Hyderabad, Telangana, India",2024,http://www.rgesindia.com
Teczo Softwares,IT Industry,,"Mysuru, Karnataka, India",2025,https://www.teczosoftwares.com
oAppsNET India Private Limited,IT Industry,,"Bengaluru Urban, Karnataka, India",2022,https://www.oappsnet.com/
Gold Plus Float Galss Pvt Ltd,Manufacturing,,"Belagavi, Karnataka, India",1985,https://goldplusgroup.com
GP Infra Projects,Construction & Engineering,,"Bengaluru Urban, Karnataka, India",2022,https://gpinfraprojects.com
Cambridge Institute of Technology North Campus,Education Industry,,"Bangalore Rural, Karnataka, India",2013,https://northcampus.cambridge.edu.in/
Multi Edz Tech Pvt. ltd.,IT Industry,,"Bengaluru Urban, Karnataka, India",2023,https://intern.multiedz.com
SPARKTECH INNOVATIONS,IT Industry,,"Tumkur, Karnataka, India",2023,https://www.sparktechinnovation.com/
eReleGo Technologies Pvt Ltd,IT Industry,,"Bengaluru Urban, Karnataka, India",2019,https://erelego.com
MRF Limited,Manufacturing,,"Margao, Goa, India",1946,https://www.mrftyres.com
VisionAstraa EV Academy,Education Industry,,"Bangalore Rural, Karnataka, India",2023,https://visionastraa.com/the-best-ev-course-in-india.html
Saeyon Innovations LLP,Manufacturing,,"Bangalore Rural, Karnataka, India",2021,https://www.saeyon.org
Prinston smart engineers,IT Industry,,"Bangalore Rural, Karnataka, India",2016,https://prinstonsmart.com
Vtricks Technologies,IT Industry,,"Bengaluru Urban, Karnataka, India",2019,https://www.vtrickstech.com/
Government Tool Room & Training Centre - Maddur,Manufacturing,,"Mandya, Karnataka, India",1972,https://gttc.karnataka.gov.in/en
Codedale (Haniva Solutions Pvt. Ltd.),IT Industry,,"Hyderabad, Telangana, India",2022,https://www.codedale.tech/
GANGA & BROTHERS DIESEL GARAGE,Construction & Engineering,,"Bengaluru Urban, Karnataka, India",1962,https://gangagarage.in
BUILD VIVIDH,Construction & Engineering,,"Bengaluru Urban, Karnataka, India",2022,
Vyooma LLP,IT Industry,,"Bengaluru Urban, Karnataka, India",2026,https://vyooma.in/
AANS Technologies,IT Industry,,"Bengaluru Urban, Karnataka, India",2023,https://aanstechnologies.in/
DHEE CODING LAB (UNIT OF PRODHEE TECHNOLOGIES PRIVATE LIMITED),Education Industry,,"Bangalore Rural, Karnataka, India",2024,https://dheecodinglab.com/
OMNEITY GROUP,Construction & Engineering,,"Belagavi, Karnataka, India",2020,https://omneity.in
KREAT INNOVATIONS PVT LTD,IT Industry,,"Bengaluru Urban, Karnataka, India",2025,https://kreat.ai
Agrifence Gateway Private Limited,E-commerce,,"Bengaluru Urban, Karnataka, India",2023,https://www.allindiaagro.com
FindInbox Pvt Ltd,Education Industry,,"Bengaluru Urban, Karnataka, India",2017,https://www.findinbox.com
Sisuni Tech Pvt. Ltd,IT Industry,,"Bangalore Rural, Karnataka, India",2025,https://www.sisunitech.com/
RECILENS CORPORATION Pvt. Ltd.,IT Industry,,"Salem, Tamil Nadu, India",2024,https://recilens.com
Zivin Labs Private Limited,IT Industry,,"Davanagere, Karnataka, India",2022,
VEERTRONS ENGINEERING EQUIPMENT SALES & SERVICES LLP,Manufacturing,,"Belagavi, Karnataka, India",2025,https://site-uu4swcoku.godaddysites.com/
BITWISECAREER,Not Specified,,"Bangalore Rural, Karnataka, India",2009,https://bitwisecareer.com/
JSS EV CoE (Centre for Mobility Research and Innovation),Education Industry,,"Bangalore Rural, Karnataka, India",2023,
GenZ Educatewing Innovation Pvt Ltd.,Education Industry,,"Bangalore Rural, Karnataka, India",2023,https://genzeducatewing.com/
UCAM PRIVATE LIMITED,Manufacturing,,"Bengaluru Urban, Karnataka, India",1985,http://www.ucamind.com/
Abeyaantrix Edusoft LLP,Education Industry,,"Davanagere, Karnataka, India",2018,https://abeyaantrix.org
Centre of Excellence for Cyber security and Digital Forensics,Education Industry,,"Udupi, Karnataka, India",2025,https://www.mitkundapura.com/index.php/research/
Nakash Infotec,Not Specified,,India,2017,
Autotronics services private Limited,Manufacturing,,"Bengaluru Urban, Karnataka, India",2017,https://share.google/Rs9sRNIK0PNWkEZwm
Vijayalaxmi Gears,Manufacturing,,"Hubli, Karnataka, India",1997,https://vijayalaxmigroup.com/
MEDINI TECHNOLOGIES,Construction & Engineering,,"Bangalore Rural, Karnataka, India",2008,https://www.medini.in
Government Tool Room & Training Centre - Hospet,Manufacturing,,"Vijayanagara, Karnataka, India",1972,https://gttc.karnataka.gov.in/en
Govt. Tool Room and Training Centre-Shiggavi,Manufacturing,,"Haveri, Karnataka, India",1972,https://gttc.karnataka.gov.in/en
BHUVAN CONSTRCUTIONS,Construction & Engineering,,"Dakshina Kannada, Karnataka, India",2005,
Outlinks,"Marketing, Advertising, Sales",,"Bengaluru Urban, Karnataka, India",2025,https://www.outlinks.in/
Unisol Academy,Education Industry,,"Mysuru, Karnataka, India",2024,https://unisolacademy.in
INCANTO DYNAMICS PRIVATE LIMITED,Education Industry,,"Bangalore Rural, Karnataka, India",2024,https://incantodynamics.com/
Red Dot Foundation,Government sector,,"Mumbai, Maharashtra, India",2014,https://reddotfoundation.in/
Coppernest Technologies India Pvt Ltd,Not Specified,,"Bangalore Rural, Karnataka, India",2018,www.coppernesttechnologies.com
HappyFlying Tours and Travels LLP,Travel & Tourism,,"Bangalore Rural, Karnataka, India",2025,https://happyflyingtravels.com
MEDINIS Eduphygital-BMS School of Architecture,Education Industry,,"Bangalore Rural, Karnataka, India",2015,https://eduphygital.com
Globetech Engineering Solutions,Education Industry,,"Bengaluru Urban, Karnataka, India",2017,http://www.globetech.net.in
Hostingsignal,IT Industry,,"Bangalore Rural, Karnataka, India",2021,https://hostingsignal.in
GN JERBI FOUNDATION NIDHI DST iTBI CENTER,IT Industry,,"Bidar, Karnataka, India",2022,https://www.gnjerbifoundation.com/
Multi axis innovations,Construction & Engineering,,"Bengaluru Urban, Karnataka, India",2011,
Sellora Hive,IT Industry,,"Hubli, Karnataka, India",2025,
Seezo,IT Industry,,"Bengaluru Urban, Karnataka, India",2023,https://seezo.io
ATOS Recruit LLP,IT Industry,,"Bengaluru Urban, Karnataka, India",2025,https://atos-skassociations.in/
Smart AI Technologies,IT Industry,,"Bangalore Rural, Karnataka, India",2020,https://www.smartaitechnologies.com
M PRO9 PVT LTD,Manufacturing,,"Mysuru, Karnataka, India",2020,https://www.mpro9.in/
Infokalash Private Limited,IT Industry,,"Hubli, Karnataka, India",2023,https://infokalash.com/
Three Axis Engineering Services Pvt Ltd,Construction & Engineering,,"Hubli, Karnataka, India",2006,https://3axis.co.in
DENSOL ENGINEERING Pvt Ltd,Construction & Engineering,,"Bengaluru Urban, Karnataka, India",2006,https://www.densol.biz
Pragyan EduSec LLP,Education Industry,,"Hubli, Karnataka, India",2025,https://pragyanedusec.in
Ignisforma Private Limited,IT Industry,,"Bangalore Rural, Karnataka, India",2025,https://ignisforma.com
White And Box - Tech Products and Services,IT Industry,,"Bengaluru Urban, Karnataka, India",2010,https://whiteandbox.com
"Elewayte, a company of Realtekh Software Services Pvt Ltd",Education Industry,,"Bengaluru Urban, Karnataka, India",2019,https://www.elewayte.com
Crismatech Automation,IT Industry,,"Bangalore Rural, Karnataka, India",2019,https://crismatech.com/
SHANTHALA POWER LIMITED,Construction & Engineering,,"Hubli, Karnataka, India",1999,http://www.shanthalaiindia.com
"PRITHVI HANGARGE INSTITUTE OF TECHNOLOGY, Bidar (Unit of HAB GROUP)",Construction & Engineering,,"Bidar, Karnataka, India",2014,https://www.habgroup.org
EDZEETA PRIVATE LIMITED,Education Industry,,"Hyderabad, Telangana, India",2021,https://edzeeta.com/
PALMET ENGINEERING LLP,Construction & Engineering,,"Vijayanagara, Karnataka, India",2021,
Gati shakti SBC ASTE office S&T,Government sector,,"Bengaluru Urban, Karnataka, India",2021,
AIRCON CONSULANTS,Construction & Engineering,,"Hubli, Karnataka, India",2000,
KaroStartup Technology India Pvt Ltd,Media & Entertainment,,"Noida, Uttar Pradesh, India",2020,https://thekarostartup.com/
Government Tool Room & Training Centre - GTTC-Gundlupet,Manufacturing,,"Chamarajanagar, Karnataka, India",1972,https://gttc.karnataka.gov.in/en
"GOVERNMENT TOOL ROOM & TRAINING CENTER (GTTC), MANGALURU",Education Industry,,"Mangalore, Karnataka, India",1994,https://gttc.karnataka.gov.in/7/mangalore/en
RV-SKILLS Center for Emerging Technologies,Education Industry,,"Bengaluru Urban, Karnataka, India",2006,https://www.rv-skills.com
E&D SHAPERS EDUCOM PRIVATE LIMITED,Education Industry,,"Bengaluru Urban, Karnataka, India",2025,
Prime Enterprises,Construction & Engineering,,"Uttara Kannada, Karnataka, India",2025,https://primeenterprises023.wixsite.com/primeenterprises
Aarambha: Learn & Invest,Finances,,"Bengaluru Urban, Karnataka, India",2025,https://www.aarambha-invest.com/
Mythri Construction,Construction & Engineering,,"vijayapura, Karnataka, India",2025,
FeelFresh Global LLP,IT Industry,,"Bengaluru Urban, Karnataka, India",2017,https://www.freshweb.biz
Workflow Softwares,IT Industry,,"Belagavi, Karnataka, India",2018,https://workflowsoftwares.in
Scaleswift Digital Services LLP,IT Industry,,"Hyderabad, Telangana, India",2019,https://www.scaleswift.com
Elevate Labs,IT Industry,,"Bangalore Rural, Karnataka, India",2025,https://elevatelabs.in/
SINSJ CONSTRUCTION,Construction & Engineering,,"Uttara Kannada, Karnataka, India",2023,https://www.sinsjconstruction.in
JP HOUSING CORPORATION,Construction & Engineering,,"Bangalore Rural, Karnataka, India",2010,https://www.jphousing.in/
GOVERNMENT TOOL ROOM AND TRAINING CENTRE HARIHAR,Education Industry,,"Davanagere, Karnataka, India",1998,https://gttc.karnataka.gov.in/13/harihara/en
"Mirza Hussain Technical Services (L.L,C)",Construction & Engineering,,"Mysuru, Karnataka, India",2007,
CivyTown Private Limited,E-commerce,,"Bengaluru Urban, Karnataka, India",2025,https://www.civytown.com/
Castlerockin Private Limited,IT Industry,,"Bengaluru Urban, Karnataka, India",2025,https://www.castlerockin.com/
Geoinformatics Reserach Lab,Not Specified,,"Karnataka, India",2023,
Team Lakshya Space LLP,Manufacturing,,"Bangalore Rural, Karnataka, India",2021,https://lakshyaspace.in/
MEDINIS Eduphygital-SDC talakal,Education Industry,,"Koppal, Karnataka, India",2015,https://eduphygital.com
ACMEGRADE PVT LTD,Education Industry,,"Bangalore Rural, Karnataka, India",2021,https://www.acmegrade.com/
Allreal (Machenn Innovations Private Limited),Health Care. Fitness & Recreation,,"Coimbatore, Tamil Nadu, India",2020,https://www.allreal.io/
SHIKTRA TECHNOLOGIES LLP,IT Industry,,"Mangalore, Karnataka, India",2024,https://codebud1.netlify.app/
Innomatics Research Labs,IT Industry,,"Bengaluru Urban, Karnataka, India",2019,https://www.innomatics.in/
SHASHWATH SOLUTION,IT Industry,,"Bengaluru Urban, Karnataka, India",2017,https://shashwathsolution.com/
SP4 AMEYA INNOVATION LABS PRIVATE LIMITED,IT Industry,,"Bengaluru Urban, Karnataka, India",2024,https://www.sp4ameya.com
Zameendeko Tech Ventures,Construction & Engineering,,"Belagavi, Karnataka, India",2022,https://mymane.in
"PRANAVA CONSULTANTS, CONSULTING STRUCTURAL ENGINEERS",Construction & Engineering,,"Kolar, Karnataka, India",2011,
SANRADIANCE TECHNOLOGIES BANGALORE PVT LIMITED,IT Industry,,"Bengaluru Urban, Karnataka, India",2011,https://sanradiance.com/
HUBIT DIGITAL MEDIA LABS LLP,IT Industry,,"Belagavi, Karnataka, India",2017,https://hubit.in/
Mahesh Govindaraju,Construction & Engineering,,"Bengaluru Urban, Karnataka, India",2010,https://govianu.com
Roberon Technologies,Manufacturing,,"Bengaluru Urban, Karnataka, India",2025,https://roberon.com
CIPSA TEC INDIA PVT LTD TUMKUR,Manufacturing,,"Tumkur, Karnataka, India",2008,https://www.cipsatec.com/
Cirrovia Technologies private limited,IT Industry,,"Shimoga, Karnataka, India",2025,https://cirrovia.com
Ligand Software Solutions,IT Industry,,"Belagavi, Karnataka, India",2013,https://ligandsoftware.com/
Trinity Touch Pvt Ltd,Manufacturing,,"Bengaluru Urban, Karnataka, India",1998,https://www.trinitytouch.com/
Texron Power Plant Systems,Manufacturing,,"Bengaluru Urban, Karnataka, India",2018,https://texronpower.com
GOLDENBARREL TECHNOLOGIES PRIVATE LIMITED,IT Industry,,"Bengaluru Urban, Karnataka, India",2021,https://goldenbarreltech.com/
Maverik Facility Management Pvt Ltd,Construction & Engineering,,"Bengaluru Urban, Karnataka, India",1989,https://www.mfm.co.in/
Ellipsonic India Solutions Pvt Ltd,IT Industry,,"Bengaluru Urban, Karnataka, India",2016,https://ellipsonic.com/
RAMA INNOVATIONS AND CREATIONS,IT Industry,,"Bengaluru Urban, Karnataka, India",2021,https://www.ramainnovationsandcreations.com/
eTrans Solutions Pvt. Ltd,IT Industry,,"Bengaluru Urban, Karnataka, India",2000,https://etranssolutions.com
Government Tool Room & Training Centre - GTTC MSDC Hubli,Manufacturing,,"Hubli, Karnataka, India",1972,https://gttc.karnataka.gov.in/en
SKILLUMNI,Education Industry,,"Bengaluru Urban, Karnataka, India",2025,https://skillumni.co.in/
Lens Studio(Trade name: lens Medical),IT Industry,,"Bengaluru Urban, Karnataka, India",2018,https://www.lensmedical.com/
ISIRI Technologies Pvt Ltd,IT Industry,,"Mangalore, Karnataka, India",2008,https://ayuslab.com/
Envotancy,Construction & Engineering,,"Bengaluru Urban, Karnataka, India",2021,https://envotancy.com/
STEMonsters Education Pvt Ltd,Education Industry,,"Bengaluru Urban, Karnataka, India",2021,https://stemonsters.com
Aislyn Technologies Pvt Ltd,IT Industry,,"Bengaluru Urban, Karnataka, India",2016,https://aislyntech.com/
Univate Solutions,IT Industry,,"Bengaluru Urban, Karnataka, India",2017,https://univate.in/
Zefender,Manufacturing,,"Bengaluru Urban, Karnataka, India",2025,https://zefender.com/
Skilldunia,Education Industry,,"Bengaluru Urban, Karnataka, India",2022,https://skilldunia.co.in
QUANTFLOW TECHNOLOGIES PRIVATE LIMITED,IT Industry,,"Bengaluru Urban, Karnataka, India",2020,https://quantflowai.com/
Cydra Tech,IT Industry,,"Mangalore, Karnataka, India",2019,https://cydratech.com/
Government Tool Room and Training Centre-Devanahalli,Manufacturing,,"Bangalore Rural, Karnataka, India",1972,https://gttc.karnataka.gov.in/en
LearnyHive,Education Industry,,"Bangalore Rural, Karnataka, India",2023,https://www.learnyhive.com/
TRONSoftech Pvt Ltd,Not Specified,,"Pune, Maharashtra, India",2024,www.tronsoftech.com
Cybermotion Technologies Pvt. Ltd.,IT Industry,,"Hyderabad, Telangana, India",1991,https://cybermotionind.com/
Wingcruit Consulting Services,IT Industry,,"Bengaluru Urban, Karnataka, India",2025,https://www.wingcruit.com/
Uilatech LLP,IT Industry,,"Belagavi, Karnataka, India",2019,https://www.uilatech.com
Movidu Technology Pvt Ltd,Education Industry,,"Bengaluru Urban, Karnataka, India",2021,https://gpt.movidu.in/
Ivoyant Systems Private Limited,IT Industry,,"Bengaluru Urban, Karnataka, India",2021,https://www.ivoyant.com
Irregular Manga Art,Manufacturing,,"Belagavi, Karnataka, India",2024,https://irregular-manga-art.vercel.app
EMMVEE PHOTOVOLTAIC POWER PRIVATE LIMITED,Manufacturing,,"Bangalore Rural, Karnataka, India",1992,https://emmvee.com
Sthavishtah,Health Care. Fitness & Recreation,,"Bangalore Rural, Karnataka, India",2025,https://sthavishtah.com/
Victor Chasex Pvt Ltd (Networkers Home),Education Industry,,"Bengaluru Urban, Karnataka, India",2007,https://www.networkershome.com/
TECNVIRONS PRIVATE LIMITED,IT Industry,,"Thane, Maharashtra, India",2023,https://tecnvi-ai.com
Ideafloats Technologies Private Limited,IT Industry,,"Bengaluru Urban, Karnataka, India",2022,https://ideafloats.com
SGBIT Consultancy Services Belagavi,Construction & Engineering,,"Belagavi, Karnataka, India",2025,https://sgbit.edu.in/Home/consultancy
Avadhuta Technologies,IT Industry,,"Bengaluru Urban, Karnataka, India",2017,https://www.avadhutatech.com/
ABHI Integral,IT Industry,,"Mysuru, Karnataka, India",2020,
Betterworks Technologies Pvt ltd,IT Industry,,"Bengaluru Urban, Karnataka, India",2020,https://better-works.in/
SangamOne Connected Services Pvt Ltd,IT Industry,,"Navi Mumbai, Maharashtra, India",2013,https://www.sangamone.com
Springevening Private Limited,IT Industry,,"Bagalkote, Karnataka, India",2022,https://www.springeveningpl.com/
PIVOTR technologies PVT LTD,IT Industry,,"Bengaluru Urban, Karnataka, India",2024,https://www.pivotr.in/
FAAST Networks,Telecom Industry,,"Belagavi, Karnataka, India",2015,https://faast.in
The Yellow Ribbon,Health Care. Fitness & Recreation,,"Bengaluru Urban, Karnataka, India",2015,https://www.theyellowribbon.in/
Cardtree,IT Industry,,"Tirupati, Andhra Pradesh, India",2024,https://cardtr.ee/
Sageloom Analytics,Not Specified,,"Bangalore Rural, Karnataka, India",2025,https://www.sageloom.in/
AppLever Tech (OPC) Private Limited,IT Industry,,"Bangalore Rural, Karnataka, India",2022,https://www.applever.tech
Bhavishya Academy,Education Industry,,"Mysuru, Karnataka, India",2023,https://bhavishyaacademy.com/
Global Quest Technologies,Education Industry,,"Bangalore Rural, Karnataka, India",2019,https://gqtech.in/
MYSTICAQUA DRY TECHNO SOLUTIONS,Travel & Tourism,,"Dakshina Kannada, Karnataka, India",2025,
Rookies World,IT Industry,,"Bangalore Rural, Karnataka, India",2016,https://www.rookiesworld.in/index.html
OJASVIHA,Construction & Engineering,,"Bengaluru Urban, Karnataka, India",2013,
Pattolika Pvt Ltd,Manufacturing,,"Mumbai, Maharashtra, India",2019,
Anmaya Technologies Private Limited,Manufacturing,,"Udupi, Karnataka, India",2022,https://www.anmaya.in
Welcome to KGTTI Belagavi Training Centre – Belagavi.,Education Industry,,"Belagavi, Karnataka, India",2012,https://www.kgtti.com
AIESEC,Education Industry,,"Navi Mumbai, Maharashtra, India",1981,https://www.aiesec.in
S2C Semiconductors Private Limited,Education Industry,,"Bengaluru Urban, Karnataka, India",2025,https://www.vlsiminds.com
Red Envelope Bravo Pvt Ltd,IT Industry,,"Bengaluru Urban, Karnataka, India",2023,https://www.redenvelope.co
Mindstack Technologies,IT Industry,,"Mangalore, Karnataka, India",2015,https://mindstacktechnologies.com/
NEXSTEAD GAMES PRIVATE LIMITED,IT Industry,,"Bengaluru Urban, Karnataka, India",2021,https://www.nexsteadgames.com/
MS Metals & Steels Private Limited,Manufacturing,,"Koppal, Karnataka, India",2015,https://www.mtcgroup.in/
LEAPMILE LOGISTICS PRIVATE LIMITED,IT Industry,,"Bengaluru Urban, Karnataka, India",2015,https://leapmile.com
BPH TECHNOLOGIES LLP,IT Industry,,"Kalaburagi, Karnataka, India",2025,https://www.brightpathhorizon.com/
Codeyoung,Education Industry,,"Bangalore Rural, Karnataka, India",2019,https://www.codeyoung.com/
WizzyBox Private Limited,IT Industry,,"Bangalore Rural, Karnataka, India",2024,https://www.wizzybox.com
ZEPHVION Pvt.ltd,IT Industry,,"Bengaluru Urban, Karnataka, India",2025,https://zephvion.com/
RevvMoto Technologies Pvt. Ltd,IT Industry,,"Bengaluru Urban, Karnataka, India",2024,
QuantumNeuron Technologies,IT Industry,,"Bengaluru Urban, Karnataka, India",2024,https://qneurontechnologies.com/
Aspire Media,"Marketing, Advertising, Sales",,"Kalaburagi, Karnataka, India",2025,
Invayas Technologies Pvt. Ltd.,IT Industry,,"Bengaluru Urban, Karnataka, India",2024,https://www.invayas.com/
Topper IAS,Education Industry,,"Bengaluru Urban, Karnataka, India",2019,https://topperias.com/
B.R. Instruments and Equipments,Construction & Engineering,,"Raipur, Chhattisgarh, India",1996,https://www.brinstruments.in/profile.html
ONJI SOFTWARE LABS PRIVATE LIMITED,IT Industry,,"Udupi, Karnataka, India",2025,https://www.onjisoftware.com/
BioEdge Solutions,Biotechnology,,"Bengaluru Urban, Karnataka, India",2020,https://www.bioedgesolutions.com/
Samrudh Living Services Pvt Ltd,IT Industry,,"Bengaluru Urban, Karnataka, India",2025,https://www.samrudh.org
Zoblik International,IT Industry,,"Bengaluru Urban, Karnataka, India",2024,https://www.zoblik.com
Industrial Technologies,Not Specified,,"Bangalore Rural, Karnataka, India",2018,www.industrialtechnologies.co.in
Technologics Global,IT Industry,,"Bengaluru Urban, Karnataka, India",2016,https://technologicsglobal.com/
Theomics International Private Limited,Biotechnology,,"Bengaluru Urban, Karnataka, India",2019,https://theomics.com/
E26 Media Production Private Limited,IT Industry,,"Mangalore, Karnataka, India",2024,https://e26media.com/
Valuacion India Inc,Construction & Engineering,,"Bengaluru Urban, Karnataka, India",2020,
Unroll Loop Technologies LLP,IT Industry,,"Shimoga, Karnataka, India",2023,https://unrollloop.com
Rachana Enercare,Construction & Engineering,,"Mysuru, Karnataka, India",2009,https://rachanaenercare.com/
Council for Skills and Competencies,Education Industry,,"Visakhapatnam, Andhra Pradesh, India",2024,https://cscindia.org.in/
Trident Techlabs Limited,Manufacturing,,"New Delhi, Delhi, India",2000,https://www.tridenttechlabs.com/
Sysmatic Automation,Education Industry,,"Hubli, Karnataka, India",2025,https://sysmaticautomation.co/
Megatron Solutions Pvt Ltd,Construction & Engineering,,"Bengaluru Urban, Karnataka, India",1995,https://www.megatron.in/
MEVI TECHNOLOGIES LLP,IT Industry,,"Bangalore Rural, Karnataka, India",2022,https://mevitechnologies.com/
Datastride Analytics Private Limited,IT Industry,,"Bengaluru Urban, Karnataka, India",2022,https://datastride.ai/
Gleamator Technologies,IT Industry,,"Bangalore Rural, Karnataka, India",2024,https://www.gleamator.in/
B. G. Shirke Construction Technology Pvt. Ltd,Construction & Engineering,,"Bengaluru Urban, Karnataka, India",1944,https://shirkegroup.com
nikkibuild edtech private limited,Education Industry,,"Bangalore Rural, Karnataka, India",2021,https://nikki.build
Aadisys Software Solutions,IT Industry,,"Belagavi, Karnataka, India",2018,https://aadis.space
IIITB COMET FOUNDATION,IT Industry,,"Bengaluru Urban, Karnataka, India",2021,https://comet.iiitb.ac.in/skill-development/
cnc web world technologies pvt ltd,IT Industry,,"vijayapura, Karnataka, India",2011,https://cncwebworld.com/vijaypur/index.php
SENSEOPS Tech Solutions Pvt. Ltd.,IT Industry,,"Bengaluru Urban, Karnataka, India",2016,http://www.sense-ops.com
"Wipro 3D, A division of Wipro Enterprises Ltd",Manufacturing,,"Bengaluru Urban, Karnataka, India",2012,https://www.wipro-3d.com/
Innotrat Labs Private Limited,Telecom Industry,,"Chennai, Tamil Nadu, India",2023,https://innotrat.com/
Avirays Technologies Pvt Ltd,IT Industry,,"Bangalore Rural, Karnataka, India",2016,https://www.avirays.com/
Krutanic,Education Industry,,"Bengaluru Urban, Karnataka, India",2025,https://www.krutanic.com/
Inversa Technosoft Pvt Ltd,IT Industry,,"Bangalore Rural, Karnataka, India",2017,https://inversatechnosoft.com/
JYESTA CORPORATE ENTITY (OPC) PRIVATE LIMITED,Education Industry,,"Bangalore Rural, Karnataka, India",2024,https://www.jyesta.com
"Nejakar Technologies, Jain Institute of Technology Davanagere COE",IT Industry,,"Mysuru, Karnataka, India",2020,https://nejakartechnologies.com
Trendsetters Infoservices LLP,Media & Entertainment,,"New Delhi, Delhi, India",2012,https://www.trendsettersindia.co.in/
Centura Precision Components,Manufacturing,,"Tumkur, Karnataka, India",2013,https://www.centurapc.com/
S D CONSTRUCTIONS,Construction & Engineering,,"Bangalore Rural, Karnataka, India",2024,
PURSUIT FUTURE TECHNOLOGIES,Education Industry,,"Bengaluru Urban, Karnataka, India",2025,https://pursuitfuture.in/
ISPARK LEARNING SOLUTIONS PRIVATE LIMITED,Education Industry,,"Chennai, Tamil Nadu, India",2020,https://www.isparklearning.com/
Persevex Education Consultancy LLP,Education Industry,,"Bengaluru Urban, Karnataka, India",2025,https://www.persevex.com/
Artsy Technology Private Limited.,IT Industry,,"Mysuru, Karnataka, India",2022,https://artsytech.in/
Tashi Properties Pvt Ltd,Construction & Engineering,,"Bengaluru Urban, Karnataka, India",2022,https://tashiproperties.com
Pride Digitals,IT Industry,,"Belagavi, Karnataka, India",2019,https://pridedigitals.com/
VENSPHERE TECHNOLOGIES PRIVATE LIMITED,IT Industry,,"Bengaluru Urban, Karnataka, India",2014,https://www.vensphere.com
eGAS Technologies Private Limited,IT Industry,,"Bangalore Rural, Karnataka, India",2023,https://www.egastech.in
MEDINIS Eduphygital Poojya Doddappa Appa College of Engineering,Education Industry,,"Kalaburagi, Karnataka, India",2015,https://eduphygital.com
INSTRUCTO EDUTECH PRIVATE LIMITED,Education Industry,,"Bangalore Rural, Karnataka, India",2025,https://www.instructo.co.in/
Projectera,IT Industry,,"Udupi, Karnataka, India",2024,
VITALITY DIGITAL TECH (OPC) PRIVATE LIMITED,IT Industry,,"Shimoga, Karnataka, India",2024,
Vstand4U Solutions,Education Industry,,"Bangalore Rural, Karnataka, India",2024,https://vstand4usolutions.com
Movidu Technology Private Limited,Education Industry,,"Bengaluru Urban, Karnataka, India",2021,https://gpt.movidu.in/
Edunet Foundation,Education Industry,,"Gurgaon, Haryana, India",2015,http://www.edunetfoundation.org
K-AKA Technology Services,IT Industry,,"Bengaluru Urban, Karnataka, India",2020,https://k-akatechnology.in/
POWAHA INFOTECH PRIVATE LIMITED,IT Industry,,"Hubli, Karnataka, India",2017,https://www.powaha.com
Bridge To Corporate,IT Industry,,"Bengaluru Urban, Karnataka, India",2021,https://bridgetocorp.com/contact/
Gully Business Design Pvt Ltd,IT Industry,,"Bengaluru Urban, Karnataka, India",2021,https://www.gullybusiness.com
Compsoft Technologies,Not Specified,,"Bangalore Rural, Karnataka, India",2020,https://www.compstechnologies.com/
Curiosense Innovations Private Limited,Education Industry,,"Bangalore Rural, Karnataka, India",2023,https://www.curiosense.co.in/
DSG Automation LLP,Manufacturing,,"Pune, Maharashtra, India",2021,https://dsgautomation.co.in/
Gesix Solutions Private Limited,IT Industry,,"Bengaluru Urban, Karnataka, India",2021,https://gesixsolutions.com/
Slates Software Services,IT Industry,,"Bangalore Rural, Karnataka, India",2024,https://slates.me/
MastersCampus Academy,Education Industry,,"Bangalore Rural, Karnataka, India",2024,https://www.masterscampusacademy.com/
CADOS DETAILING,Construction & Engineering,,"Mysuru, Karnataka, India",2019,https://cadosdetailing.com/
TAKEITEASY ENGINEERS,Education Industry,,"Bangalore Rural, Karnataka, India",2021,https://takeiteasyengineers.com/about/
AVIRATHA DIGITAL LABS PVT LTD,IT Industry,,"Bidar, Karnataka, India",2024,https://aviratha.com
Wish 2 Skill LLP,Education Industry,,"Bengaluru Urban, Karnataka, India",2023,https://wish2skill.com
Zeel Code Labs,IT Industry,,"Belagavi, Karnataka, India",2016,http://www.zeelnet.com
Tech fortune technologies,IT Industry,,"Bengaluru Urban, Karnataka, India",2024,http://www.tech-fortune.com
Innovascape LLP,Education Industry,,"Hubli, Karnataka, India",2021,https://innovascape.in/
7 Crore Technologies,Not Specified,,"Dharwad, Karnataka, India",2023,https://7crore.com
Kanilebettu Technologies,IT Industry,,"Bengaluru Urban, Karnataka, India",2021,https://kanilebettu.in/
OPQ Tech Pvt Ltd,IT Industry,,"Bangalore Rural, Karnataka, India",2021,https://www.opqbootcamp.com
Navinod Technologies LLP,IT Industry,,"Mangalore, Karnataka, India",2017,https://www.aykansoft.com/
BUMBLEBEE DYNAMICS AND PROTRONICS,Manufacturing,,"Chennai, Tamil Nadu, India",2022,
Megamind Advertising Private Ltd.,"Marketing, Advertising, Sales",,"Mangalore, Karnataka, India",2018,https://www.megamind.studio/
Routefever Travels Pvt. Ltd.,Travel & Tourism,,"Jaipur, Rajasthan, India",2025,https://www.routefever.com/
Cordia Healthcare Pvt Ltd.,IT Industry,,"New Delhi, Delhi, India",2022,https://www.cordia360.com
Advina Solutions Private Limited,IT Industry,,"Bengaluru Urban, Karnataka, India",2021,https://www.advina.in/
Edubuddy School Private Limited,IT Industry,,"Belagavi, Karnataka, India",2021,
Confident Solutions,IT Industry,,"Bengaluru Urban, Karnataka, India",2008,https://confidentsolutions.in/
Capillary Technologies India Limited,IT Industry,,"Bengaluru Urban, Karnataka, India",2012,https://capillarytech.com
Usha builders and Infrastructure,Construction & Engineering,,"Bengaluru Urban, Karnataka, India",1995,https://www.ushabuilders.in/
SILICONSHELF ELECTRONIC SYSTEMS,Manufacturing,,"Bengaluru Urban, Karnataka, India",2018,https://siliconshelf.com
IVIS LABS Private Limited,IT Industry,,"Mysuru, Karnataka, India",2021,https://ivislabs.com/
Win in life Academy,Education Industry,,"Bengaluru Urban, Karnataka, India",2023,https://wininlifeacademy.com/
Abhyudaya Softech LLP,IT Industry,,"Bangalore Rural, Karnataka, India",2024,https://www.abhyudayasw.com/
Karnataka German Technical Training Institutes (KGTTI) Bangaluru,Education Industry,,"Bangalore Rural, Karnataka, India",2011,https://www.kgtti.com/
EYYANI ELECTRIC MACHINES PVT LTD,Not Specified,,"Bangalore Rural, Karnataka, India",2004,www.eyyani.com
Flying Wedge Defence and Aerospace Technologies Pvt Ltd,Manufacturing,,"Bengaluru Urban, Karnataka, India",2022,https://fwdefence.com/
Skylead Aviation Academy,Education Industry,,"Hassan, Karnataka, India",2019,
Advanced Electronic Systems and Solutions,Manufacturing,,"Bengaluru Urban, Karnataka, India",2024,https://aesindia.net/
ATHON ALL TERRAIN PVT LTD,Manufacturing,,"Kolar, Karnataka, India",2022,https://a-thonallterrain.com/
Tech Graylogix,Manufacturing,,"Mangalore, Karnataka, India",2012,https://www.techgraylogix.com
Festiva Moments,Media & Entertainment,,"Bengaluru Urban, Karnataka, India",2024,https://festivamoments.co.in
DTi Labz Private Limited,Not Specified,,"Hubli, Karnataka, India",2016,www.dreamkit.cc
EXPOSYS DATA LABS,Education Industry,,"Bangalore Rural, Karnataka, India",2019,https://exposysdata.com/
ACL Digital,IT Industry,,"Bangalore Rural, Karnataka, India",1988,
ERA Foundation,Education Industry,,"Bangalore Rural, Karnataka, India",2014,https://www.erafoundationindia.org/
Vxceed Software Solutions,IT Industry,,"Bengaluru Urban, Karnataka, India",2017,https://www.vxceed.com/
CADD Training centre,Education Industry,,"Davanagere, Karnataka, India",2015,https://caddtc.com
Tap Academy (Legal Name: Tap Edtech Pvt Ltd),IT Industry,,"Bangalore Rural, Karnataka, India",2021,https://thetapacademy.com/
PKM Sustainable Tech Solutions,Manufacturing,,"Bengaluru Urban, Karnataka, India",2025,https://sites.google.com/view/pkmsustech/
Trilo Infotech Pvt Ltd,Health Care. Fitness & Recreation,,"Thrissur, Kerala, India",2025,https://triloinfotech.com/
Coditas,IT Industry,,"Pune, Maharashtra, India",2014,https://coditas.com
Enviro Sense Tech,Construction & Engineering,,"Bengaluru Urban, Karnataka, India",2014,https://www.indiamart.com/envirosensetech/
HIEE Empowering Engineers Pvt Ltd,Education Industry,,"Hyderabad, Telangana, India",2021,https://hiee.in/
Nirmaan Group Of Construction,Construction & Engineering,,"Hassan, Karnataka, India",2025,http://www.nirmaangroupofconstruction.xyz/
Ganesh Irrigation Company,Manufacturing,,"Belagavi, Karnataka, India",2017,
Aansh Automation Solutions (Aansh Group),IT Industry,,"Bengaluru Urban, Karnataka, India",2012,
NakNih Softlabs Private Limited,IT Industry,,"Belagavi, Karnataka, India",2025,https://www.naknihsoftlabs.com/
Karnataka German Technical Training Institutes (KGTTI) – Kalaburagi Campus.,Education Industry,,"Kalaburagi, Karnataka, India",2011,https://www.kgtti.com/
Land Trades Builders & Developers,Construction & Engineering,,"Mangalore, Karnataka, India",1992,https://landtrades.in/
Silverrlining education Pvt. Ltd,Not Specified,,"Shimoga, India",2016,
OMKAR ENGINEERING SERVICES,Education Industry,,"Bangalore Rural, Karnataka, India",2025,https://www.omkartechsolution.in/
Eshanav Systems,IT Industry,,"Udupi, Karnataka, India",2025,https://www.eshanavsystems.in/
Vagmin Research Labs LLP,IT Industry,,"Bengaluru Urban, Karnataka, India",2023,https://www.vagminresearchlabs.com/about-us.html
Qscript Software Pvt Ltd,IT Industry,,"kodagu, Karnataka, India",2021,https://www.qscriptsoftware.com/
Rotary Electronics Pvt Limited,Manufacturing,,"Bengaluru Urban, Karnataka, India",1999,https://rotaryelectronics.com/
Impulse VLSI,Education Industry,,"Bangalore Rural, Karnataka, India",2023,https://impulse-vlsi.com/
RSC SYSTEMS PVT LTD,IT Industry,,"Bengaluru Urban, Karnataka, India",2020,https://www.rscsys.com
XL POPULAR EDUCATION AND SKILLING LLP DEED,Not Specified,,"Bangalore Rural, Karnataka, India",2024,https://bhrighu.in/
Kabadiman Climate Solutions Pvt Ltd,IT Industry,,"Belagavi, Karnataka, India",2025,https://kabadiman.com
Hexin Designers,Construction & Engineering,,"Bengaluru Urban, Karnataka, India",2020,
C & I Constructions,Construction & Engineering,,"Bangalore Rural, Karnataka, India",2015,https://www.mammalnest.com
Thaniya Technologies,IT Industry,,"Mangalore, Karnataka, India",2020,https://www.thaniyatech.com
Government Tool Room &Training centre lingasugur,Manufacturing,,"Raichur, Karnataka, India",1972,https://gttc.karnataka.gov.in/en
Ataritech Effective Industrial Solutions OPC Pvt Ltd,Manufacturing,,"Bengaluru Urban, Karnataka, India",2018,https://www.ataritech.com/
MEDINI TECHNOLOGIES-VTU VRIF,Education Industry,,"Belagavi, Karnataka, India",2015,https://eduphygital.com
BPG Renewables Pvt Ltd,Biotechnology,,"Bengaluru Urban, Karnataka, India",2006,https://biopower.co.in/
Indus Vision,IT Industry,,"Bengaluru Urban, Karnataka, India",2024,https://indusvision.ai/about-us/
Param Foundation,Education Industry,,"Bangalore Rural, Karnataka, India",2010,https://paramfoundation.org/
Sathvik Softech,IT Industry,,"Hubli, Karnataka, India",2015,https://sathviksoftech.in/
Pentagon Space Private Limited,IT Industry,,"Bangalore Rural, Karnataka, India",2020,https://pentagonspace.in/
METAMINDS NETWORK,Not Specified,,"Bangalore Rural, Karnataka, India",2016,https://metamindsnetwork.com/
Behappy DigiSoft Pvt.Ltd,IT Industry,,"Bengaluru Urban, Karnataka, India",2017,https://www.behappydigisoft.com
Zemicon Electronics Private Limited,E-commerce,,"Bengaluru Urban, Karnataka, India",2023,https://www.zemicon.in
Pinnacle Prime construction pvt LTD,Construction & Engineering,,"Bengaluru Urban, Karnataka, India",2007,
insilicomics,Biotechnology,,"Coimbatore, Tamil Nadu, India",2024,https://www.insilicomics.in/
CDQP Design Webtech Pvt Ltd,IT Industry,,"Bengaluru Urban, Karnataka, India",2021,https://www.designwebtech.com
VTU National Academy For Skill Development,Education Industry,,"Uttara Kannada, Karnataka, India",2015,http://nasd.org.in/
IOBRAIN INNOVATIVE LABZ,Manufacturing,,"Bangalore Rural, Karnataka, India",2015,https://iobrain.in
VLSI Technology – A Venture of VS Tech LLP,IT Industry,,"Belagavi, Karnataka, India",2003,https://www.vlsiind.in
Ravindra and company,Manufacturing,,"Bidar, Karnataka, India",1975,
Yadagiri Information Technologies Private Limited,IT Industry,,"Raichur, Karnataka, India",2024,http://yadagiriinformationtechnologies.com/
"Public Work Department (PWD) Special Division, Hunsur",Government sector,,"Mysuru, Karnataka, India",1856,https://kpwd.karnataka.gov.in
Twilight Systems,IT Industry,,"Bengaluru Urban, Karnataka, India",2016,
Automation & Robotics Center of Excellence,Manufacturing,,"Mysuru, Karnataka, India",2011,https://www.nie.ac.in/
Nexus Core Innovations,Education Industry,,"Bengaluru Urban, Karnataka, India",2021,https://nexuscoreinnovations.in/
Yenepoya Instittute of Technology,Not Specified,,India,2008,yit.edu.in
KronoTech Labs,Education Industry,,"Belagavi, Karnataka, India",2025,https://kronotech-labs.netlify.app
STRAECON,Construction & Engineering,,"Dakshina Kannada, Karnataka, India",2021,https://straecon.com/
Tejtronics Technologies Private Limited,IT Industry,,"Bangalore Rural, Karnataka, India",2025,http://tejtronics.com
Metiskill Global Solutions Pvt Ltd,Education Industry,,"Bengaluru Urban, Karnataka, India",2019,https://www.metiskill.com/
CHALUKYA TECHNOLOGIES PRIVATE LIMITED,Education Industry,,"Bengaluru Urban, Karnataka, India",1995,https://janai.xcelerator.in/
Global Designs (ISCT),Education Industry,,"Dharwad, Karnataka, India",1996,https://isctonline.com/
KASI STRUCTURAL CONSULTING ENGINEERS,Construction & Engineering,,"Bengaluru Urban, Karnataka, India",2015,https://ksce.in/
Techmiya Solutions Private Limited,IT Industry,,"Bangalore Rural, Karnataka, India",2025,https://techmiyasolutions.com
Ethnotech Academic Solutions,Education Industry,,"Bengaluru Urban, Karnataka, India",2013,https://ethnotech.in/
PCBCUPID,Manufacturing,,"Bengaluru Urban, Karnataka, India",2024,https://pcbcupid.com/
EtherX Innovations Pvt Ltd,IT Industry,,"Bangalore Rural, Karnataka, India",2025,https://etherxinnovationshub.vercel.app/
SISKIN INSTRUMENTS CO (P) . LTD,Manufacturing,,"Bengaluru Urban, Karnataka, India",1987,https://www.siskin.in
Minchu Products and Services LLP,Construction & Engineering,,"Bengaluru Urban, Karnataka, India",2020,https://www.minchu.net
Skipp,IT Industry,,"Bengaluru Urban, Karnataka, India",2025,https://skipp.co.in/
SRI NANJUNDESWARA INDUSTRIES (S N INDUSTRIES ),Manufacturing,,"Mysuru, Karnataka, India",2023,
CAL TECHNOLOGIES,Construction & Engineering,,"Bengaluru Urban, Karnataka, India",2022,https://caltechnologies.com
Unriddle Technologies Private Limited,Health Care. Fitness & Recreation,,"Shimoga, Karnataka, India",2024,https://dscribehealth.com
Gangavadi Constructions Private Limited,Construction & Engineering,,"Bengaluru Urban, Karnataka, India",2022,https://gangavadiconstructions.in
ASAE LLP,IT Industry,,"Dharwad, Karnataka, India",2025,https://ambasoftwares.com/
3S Products and Services,Manufacturing,,"Bengaluru Urban, Karnataka, India",2012,https://www.3sps.in/
Nature Scan LLP,Education Industry,,"Bengaluru Urban, Karnataka, India",2021,https://www.naturescan.in/
GOVERNMENT TOOL ROOM AND TRAINING CENTRE MAGADI,Education Industry,,"Ramnagar, Karnataka, India",2023,
Aenexz Tech Private Limited,Education Industry,,"Bengaluru Urban, Karnataka, India",2025,https://aenexz.in
INNOPROSOL PRIVATE LIMITED,IT Industry,,"Shimoga, Karnataka, India",2022,https://www.innoprosol.com
Edubyheart India Private Limited,Education Industry,,"Kochi, Kerala, India",2019,https://www.techbyheartacademy.com/
"Techspiration India Pvt. Ltd,",IT Industry,,"Bengaluru Urban, Karnataka, India",2023,https://www.techspiration.in
Purple Hue Technosoft Pvt. Ltd.,IT Industry,,"Bengaluru Urban, Karnataka, India",2013,http://www.purplehuetechnosoft.com/
Department of Electrical an Electronics Engineering,Education Industry,,"Bangalore Rural, Karnataka, India",2006,https://www.rrce.org/department/electrical-electronics-engineering/
AJAY LAND DEVELOPERS,Construction & Engineering,,"Mumbai, Maharashtra, India",1980,
LivSys Devices India Pvt Ltd,Manufacturing,,"Bangalore Rural, Karnataka, India",2018,https://www.lifesys.co.in/
Code Nimbus Solutions,IT Industry,,"Bengaluru Urban, Karnataka, India",2023,https://codenimbussolutions.com/
Agushi LLP,IT Industry,,"Mysuru, Karnataka, India",2021,https://www.agushi.in
HTE SERVICE PRIVATE LIMITED,IT Industry,,"Bengaluru Urban, Karnataka, India",2019,https://www.happytechnovation.com/
Jorim Technology Solutions,IT Industry,,"Chennai, Tamil Nadu, India",2020,https://jorim.in/
MindMatrix,IT Industry,,"Bangalore Rural, Karnataka, India",1998,https://makes.mindmatrix.io
Bambhari,IT Industry,,"Bangalore Rural, Karnataka, India",2024,https://www.bambhari.com
Akruthi constructions and interiors,Construction & Engineering,,"Tumkur, Karnataka, India",2023,https://dev-akruthi.pantheonsite.io/
Search Creators Pvt. Ltd,IT Industry,,"Tumkur, Karnataka, India",2021,https://searchcreators.org/
Laneway India Enterprises Private Limited,"Marketing, Advertising, Sales",,"Kottayam, Kerala, India",2025,https://laneway.in/
Ved Construction & Coaching Academy,Construction & Engineering,,"Belagavi, Karnataka, India",2021,
Avneer Solutions Private Limited,Not Specified,,"Karnataka, India",2024,https://www.mygala.in
PALLADIUM PROJECTS,Construction & Engineering,,"Bengaluru Urban, Karnataka, India",2018,https://palladiumprojects.co.in
